date_time;latitude;longitude;temperatura;sensacao_termica;umidade_relativa;chuva_mm
2025-11-01T00:00;-23.588333;-46.65889;16.7;18.0;95;0.0
2025-11-01T03:00;-23.588333;-46.65889;16.5;18.0;99;0.0
2025-11-01T06:00;-23.588333;-46.65889;16.7;18.0;97;0.0
2025-11-01T09:00;-23.588333;-46.65889;21.2;23.5;77;0.0
2025-11-01T12:00;-23.588333;-46.65889;26.0;30.3;57;0.1
2025-11-01T15:00;-23.588333;-46.65889;25.0;27.6;61;0.2
2025-11-01T18:00;-23.588333;-46.65889;21.9;24.3;84;0.0
2025-11-01T21:00;-23.588333;-46.65889;19.8;21.4;89;0.0
2025-11-02T00:00;-23.588333;-46.65889;19.2;21.1;91;0.0
2025-11-02T03:00;-23.588333;-46.65889;18.7;20.6;92;0.0
2025-11-02T06:00;-23.588333;-46.65889;18.1;19.8;96;1.0
2025-11-02T09:00;-23.588333;-46.65889;18.6;19.9;93;3.7
2025-11-02T12:00;-23.588333;-46.65889;20.6;22.7;89;1.0
2025-11-02T15:00;-23.588333;-46.65889;20.3;21.5;87;2.3
2025-11-02T18:00;-23.588333;-46.65889;19.3;20.5;89;0.1
2025-11-02T21:00;-23.588333;-46.65889;19.4;21.1;88;0.0
2025-11-03T00:00;-23.588333;-46.65889;18.9;20.3;89;0.0
2025-11-03T03:00;-23.588333;-46.65889;18.6;19.9;89;0.0
2025-11-03T06:00;-23.588333;-46.65889;18.3;19.7;92;0.0
2025-11-03T09:00;-23.588333;-46.65889;22.0;22.5;76;0.0
2025-11-03T12:00;-23.588333;-46.65889;24.6;25.8;64;0.0
2025-11-03T15:00;-23.588333;-46.65889;24.9;25.1;58;0.2
2025-11-03T18:00;-23.588333;-46.65889;18.8;20.4;94;4.6
2025-11-03T21:00;-23.588333;-46.65889;18.9;21.4;97;0.0
2025-11-04T00:00;-23.588333;-46.65889;17.9;19.6;97;0.0
2025-11-04T03:00;-23.588333;-46.65889;18.2;20.7;99;0.0
2025-11-04T06:00;-23.588333;-46.65889;18.2;20.5;98;0.0
2025-11-04T09:00;-23.588333;-46.65889;20.6;23.1;83;0.1
2025-11-04T12:00;-23.588333;-46.65889;26.0;30.1;63;0.1
2025-11-04T15:00;-23.588333;-46.65889;25.5;27.6;68;1.3
2025-11-04T18:00;-23.588333;-46.65889;20.9;23.0;86;0.3
2025-11-04T21:00;-23.588333;-46.65889;20.2;22.7;93;0.0
2025-11-05T00:00;-23.588333;-46.65889;19.8;22.1;93;0.0
2025-11-05T03:00;-23.588333;-46.65889;19.9;22.6;98;0.0
2025-11-05T06:00;-23.588333;-46.65889;19.9;22.4;93;0.0
2025-11-05T09:00;-23.588333;-46.65889;25.8;28.8;69;0.0
2025-11-05T12:00;-23.588333;-46.65889;27.8;28.5;54;0.6
2025-11-05T15:00;-23.588333;-46.65889;27.8;29.0;59;0.0
2025-11-05T18:00;-23.588333;-46.65889;23.9;25.1;75;0.0
2025-11-05T21:00;-23.588333;-46.65889;22.1;24.0;76;0.0
2025-11-06T00:00;-23.588333;-46.65889;20.2;21.9;88;0.1
2025-11-06T03:00;-23.588333;-46.65889;17.0;17.3;88;0.1
2025-11-06T06:00;-23.588333;-46.65889;17.0;17.1;87;0.0
2025-11-06T09:00;-23.588333;-46.65889;18.2;17.4;74;0.1
2025-11-06T12:00;-23.588333;-46.65889;19.4;18.8;71;0.0
2025-11-06T15:00;-23.588333;-46.65889;19.0;18.3;72;0.0
2025-11-06T18:00;-23.588333;-46.65889;17.2;16.6;78;0.1
2025-11-06T21:00;-23.588333;-46.65889;16.1;15.7;86;0.0
2025-11-07T00:00;-23.588333;-46.65889;15.8;15.9;88;0.0
2025-11-07T03:00;-23.588333;-46.65889;15.4;15.5;90;0.0
2025-11-07T06:00;-23.588333;-46.65889;14.4;14.1;93;0.0
2025-11-07T09:00;-23.588333;-46.65889;17.9;17.6;76;0.0
2025-11-07T12:00;-23.588333;-46.65889;24.0;27.8;56;0.0
2025-11-07T15:00;-23.588333;-46.65889;25.0;27.1;62;0.0
2025-11-07T18:00;-23.588333;-46.65889;20.8;22.3;76;0.0
2025-11-07T21:00;-23.588333;-46.65889;21.2;22.1;77;0.0
2025-11-08T00:00;-23.588333;-46.65889;21.0;22.1;78;0.0
2025-11-08T03:00;-23.588333;-46.65889;22.0;22.0;73;0.0
2025-11-08T06:00;-23.588333;-46.65889;19.9;21.0;89;0.2
2025-11-08T09:00;-23.588333;-46.65889;21.5;23.2;85;0.1
2025-11-08T12:00;-23.588333;-46.65889;24.4;24.4;72;0.1
2025-11-08T15:00;-23.588333;-46.65889;25.7;26.1;63;0.0
2025-11-08T18:00;-23.588333;-46.65889;22.5;23.1;73;0.8
2025-11-08T21:00;-23.588333;-46.65889;17.2;16.8;87;0.0
2025-11-09T00:00;-23.588333;-46.65889;15.8;14.8;87;0.0
2025-11-09T03:00;-23.588333;-46.65889;15.0;14.5;86;0.0
2025-11-09T06:00;-23.588333;-46.65889;14.8;14.4;88;0.0
2025-11-09T09:00;-23.588333;-46.65889;17.6;16.7;72;0.2
2025-11-09T12:00;-23.588333;-46.65889;20.0;19.5;62;0.0
2025-11-09T15:00;-23.588333;-46.65889;18.7;18.1;70;0.0
2025-11-09T18:00;-23.588333;-46.65889;16.5;15.3;75;0.1
2025-11-09T21:00;-23.588333;-46.65889;14.9;13.7;81;0.0
2025-11-10T00:00;-23.588333;-46.65889;13.9;13.2;86;0.0
2025-11-10T03:00;-23.588333;-46.65889;13.1;12.7;90;0.0
2025-11-10T06:00;-23.588333;-46.65889;12.9;12.0;90;0.0
2025-11-10T09:00;-23.588333;-46.65889;17.9;16.8;62;0.0
2025-11-10T12:00;-23.588333;-46.65889;21.2;21.7;47;0.0
2025-11-10T15:00;-23.588333;-46.65889;20.5;19.9;60;0.0
2025-11-10T18:00;-23.588333;-46.65889;16.7;14.9;67;0.0
2025-11-10T21:00;-23.588333;-46.65889;14.1;12.6;73;0.0
2025-11-11T00:00;-23.588333;-46.65889;13.4;12.0;79;0.0
2025-11-11T03:00;-23.588333;-46.65889;12.8;12.0;89;0.0
2025-11-11T06:00;-23.588333;-46.65889;12.9;11.8;78;0.0
2025-11-11T09:00;-23.588333;-46.65889;18.8;18.9;62;0.0
2025-11-11T12:00;-23.588333;-46.65889;24.7;27.7;43;0.0
2025-11-11T15:00;-23.588333;-46.65889;23.2;23.4;54;0.0
2025-11-11T18:00;-23.588333;-46.65889;19.0;18.1;67;0.0
2025-11-11T21:00;-23.588333;-46.65889;16.4;16.4;82;0.0
2025-11-12T00:00;-23.588333;-46.65889;15.9;15.4;77;0.0
2025-11-12T03:00;-23.588333;-46.65889;14.9;14.2;86;0.0
2025-11-12T06:00;-23.588333;-46.65889;14.8;14.1;85;0.0
2025-11-12T09:00;-23.588333;-46.65889;21.5;22.7;56;0.0
2025-11-12T12:00;-23.588333;-46.65889;29.0;31.8;33;0.0
2025-11-12T15:00;-23.588333;-46.65889;29.6;29.7;29;0.0
2025-11-12T18:00;-23.588333;-46.65889;24.4;24.9;55;0.0
2025-11-12T21:00;-23.588333;-46.65889;21.7;22.7;63;0.0
2025-11-13T00:00;-23.588333;-46.65889;20.7;21.7;67;0.0
2025-11-13T03:00;-23.588333;-46.65889;19.3;19.7;71;0.0
2025-11-13T06:00;-23.588333;-46.65889;18.1;19.4;79;0.0
2025-11-13T09:00;-23.588333;-46.65889;23.4;24.2;53;0.0
2025-11-13T12:00;-23.588333;-46.65889;28.2;29.9;38;0.0
2025-11-13T15:00;-23.588333;-46.65889;26.8;27.8;46;0.3
2025-11-13T18:00;-23.588333;-46.65889;24.2;25.6;59;0.1
2025-11-13T21:00;-23.588333;-46.65889;20.0;21.7;81;0.0
2025-11-14T00:00;-23.588333;-46.65889;18.5;19.6;76;0.0
2025-11-14T03:00;-23.588333;-46.65889;18.2;18.7;72;0.0
2025-11-14T06:00;-23.588333;-46.65889;17.9;17.7;71;0.0
2025-11-14T09:00;-23.588333;-46.65889;19.0;19.6;75;0.0
2025-11-14T12:00;-23.588333;-46.65889;18.8;20.2;87;2.2
2025-11-14T15:00;-23.588333;-46.65889;22.9;24.0;65;0.0
2025-11-14T18:00;-23.588333;-46.65889;19.5;20.5;86;0.0
2025-11-14T21:00;-23.588333;-46.65889;18.0;18.2;81;0.0
2025-11-15T00:00;-23.588333;-46.65889;17.4;18.2;81;0.0
2025-11-15T03:00;-23.588333;-46.65889;17.5;17.9;78;0.0
2025-11-15T06:00;-23.588333;-46.65889;17.0;16.9;75;0.0
2025-11-15T09:00;-23.588333;-46.65889;21.0;20.8;66;0.0
2025-11-15T12:00;-23.588333;-46.65889;23.0;23.3;62;0.0
2025-11-15T15:00;-23.588333;-46.65889;24.7;25.2;57;0.0
2025-11-15T18:00;-23.588333;-46.65889;22.0;23.0;74;0.0
2025-11-15T21:00;-23.588333;-46.65889;20.1;21.8;85;0.0
2025-11-16T00:00;-23.588333;-46.65889;19.8;21.6;84;0.0
2025-11-16T03:00;-23.588333;-46.65889;19.3;20.9;87;0.2
2025-11-16T06:00;-23.588333;-46.65889;18.8;20.6;95;1.3
2025-11-16T09:00;-23.588333;-46.65889;21.0;23.2;86;0.0
2025-11-16T12:00;-23.588333;-46.65889;22.5;25.0;79;1.7
2025-11-16T15:00;-23.588333;-46.65889;23.5;24.7;71;0.8
2025-11-16T18:00;-23.588333;-46.65889;24.0;25.2;65;0.0
2025-11-16T21:00;-23.588333;-46.65889;21.6;23.3;83;0.0
2025-11-17T00:00;-23.588333;-46.65889;21.5;23.5;84;0.0
2025-11-17T03:00;-23.588333;-46.65889;21.6;23.5;85;0.0
2025-11-17T06:00;-23.588333;-46.65889;21.5;23.2;85;0.0
2025-11-17T09:00;-23.588333;-46.65889;24.8;26.6;71;0.0
2025-11-17T12:00;-23.588333;-46.65889;23.7;24.6;72;4.0
2025-11-17T15:00;-23.588333;-46.65889;21.9;23.6;83;4.5
2025-11-17T18:00;-23.588333;-46.65889;22.4;25.6;83;1.0
2025-11-17T21:00;-23.588333;-46.65889;20.5;23.3;91;0.0
2025-11-18T00:00;-23.588333;-46.65889;19.5;22.1;95;0.6
2025-11-18T03:00;-23.588333;-46.65889;19.8;22.0;96;0.5
2025-11-18T06:00;-23.588333;-46.65889;19.9;21.2;94;0.6
2025-11-18T09:00;-23.588333;-46.65889;22.9;22.9;75;0.1
2025-11-18T12:00;-23.588333;-46.65889;22.9;24.3;81;2.8
2025-11-18T15:00;-23.588333;-46.65889;21.6;23.1;84;0.5
2025-11-18T18:00;-23.588333;-46.65889;21.0;21.4;78;0.1
2025-11-18T21:00;-23.588333;-46.65889;19.5;19.1;76;0.0
2025-11-19T00:00;-23.588333;-46.65889;17.4;16.5;77;0.0
2025-11-19T03:00;-23.588333;-46.65889;16.0;14.7;78;0.0
2025-11-19T06:00;-23.588333;-46.65889;15.2;14.6;82;0.0
2025-11-19T09:00;-23.588333;-46.65889;20.5;20.5;62;0.0
2025-11-19T12:00;-23.588333;-46.65889;23.5;24.6;49;0.0
2025-11-19T15:00;-23.588333;-46.65889;24.8;24.5;44;0.0
2025-11-19T18:00;-23.588333;-46.65889;19.2;18.3;66;0.0
2025-11-19T21:00;-23.588333;-46.65889;16.2;16.2;84;0.0
2025-11-20T00:00;-23.588333;-46.65889;15.7;16.1;90;0.0
2025-11-20T03:00;-23.588333;-46.65889;15.2;15.3;91;0.0
2025-11-20T06:00;-23.588333;-46.65889;14.9;15.0;91;0.0
2025-11-20T09:00;-23.588333;-46.65889;19.1;18.9;66;0.0
2025-11-20T12:00;-23.588333;-46.65889;21.5;21.2;55;0.0
2025-11-20T15:00;-23.588333;-46.65889;22.3;22.0;56;0.0
2025-11-20T18:00;-23.588333;-46.65889;18.0;17.0;72;0.0
2025-11-20T21:00;-23.588333;-46.65889;16.1;15.5;78;0.0
2025-11-21T00:00;-23.588333;-46.65889;15.2;14.2;78;0.0
2025-11-21T03:00;-23.588333;-46.65889;14.4;13.0;80;0.0
2025-11-21T06:00;-23.588333;-46.65889;14.1;12.9;76;0.0
2025-11-21T09:00;-23.588333;-46.65889;20.4;21.9;63;0.0
2025-11-21T12:00;-23.588333;-46.65889;27.2;31.9;46;0.0
2025-11-21T15:00;-23.588333;-46.65889;29.1;28.3;30;0.0
2025-11-21T18:00;-23.588333;-46.65889;28.0;27.5;38;0.0
2025-11-21T21:00;-23.588333;-46.65889;21.0;22.3;73;0.0
2025-11-22T00:00;-23.588333;-46.65889;21.5;22.5;67;0.0
2025-11-22T03:00;-23.588333;-46.65889;20.0;21.7;74;0.0
2025-11-22T06:00;-23.588333;-46.65889;19.6;20.3;74;0.0
2025-11-22T09:00;-23.588333;-46.65889;26.9;28.5;45;0.0
2025-11-22T12:00;-23.588333;-46.65889;28.8;29.6;36;0.2
2025-11-22T15:00;-23.588333;-46.65889;24.7;25.2;60;0.8
2025-11-22T18:00;-23.588333;-46.65889;23.0;24.1;69;0.0
2025-11-22T21:00;-23.588333;-46.65889;19.0;20.0;85;0.0
2025-11-23T00:00;-23.588333;-46.65889;18.4;19.8;88;0.3
2025-11-23T03:00;-23.588333;-46.65889;18.4;20.0;92;0.0
2025-11-23T06:00;-23.588333;-46.65889;18.5;19.8;90;0.0
2025-11-23T09:00;-23.588333;-46.65889;22.9;24.1;62;0.1
2025-11-23T12:00;-23.588333;-46.65889;21.5;21.7;74;1.5
2025-11-23T15:00;-23.588333;-46.65889;22.9;23.9;71;0.2
2025-11-23T18:00;-23.588333;-46.65889;19.8;20.4;81;0.0
2025-11-23T21:00;-23.588333;-46.65889;18.9;19.7;87;0.0
2025-11-24T00:00;-23.588333;-46.65889;18.9;19.7;86;0.0
2025-11-24T03:00;-23.588333;-46.65889;18.1;19.9;90;0.3
2025-11-24T06:00;-23.588333;-46.65889;17.9;19.5;94;0.6
2025-11-24T09:00;-23.588333;-46.65889;20.2;21.3;77;0.0
2025-11-24T12:00;-23.588333;-46.65889;20.6;22.0;71;1.3
2025-11-24T15:00;-23.588333;-46.65889;18.5;18.4;84;10.0
2025-11-24T18:00;-23.588333;-46.65889;18.3;18.7;88;0.2
2025-11-24T21:00;-23.588333;-46.65889;17.2;17.5;91;0.2
2025-11-25T00:00;-23.588333;-46.65889;16.9;18.0;94;0.2
2025-11-25T03:00;-23.588333;-46.65889;15.6;16.3;92;0.0
2025-11-25T06:00;-23.588333;-46.65889;15.4;16.0;95;0.0
2025-11-25T09:00;-23.588333;-46.65889;18.5;18.0;74;0.1
2025-11-25T12:00;-23.588333;-46.65889;21.9;23.6;58;0.1
2025-11-25T15:00;-23.588333;-46.65889;21.8;22.3;59;0.1
2025-11-25T18:00;-23.588333;-46.65889;19.4;19.2;73;0.0
2025-11-25T21:00;-23.588333;-46.65889;16.5;17.0;90;0.0
2025-11-26T00:00;-23.588333;-46.65889;15.5;16.2;93;0.0
2025-11-26T03:00;-23.588333;-46.65889;15.0;15.8;95;0.0
2025-11-26T06:00;-23.588333;-46.65889;14.6;15.3;95;0.0
2025-11-26T09:00;-23.588333;-46.65889;19.8;19.3;60;0.0
2025-11-26T12:00;-23.588333;-46.65889;22.0;23.7;53;0.0
2025-11-26T15:00;-23.588333;-46.65889;21.9;22.2;51;0.0
2025-11-26T18:00;-23.588333;-46.65889;19.1;18.1;61;0.0
2025-11-26T21:00;-23.588333;-46.65889;15.7;15.4;82;0.0
2025-11-27T00:00;-23.588333;-46.65889;14.6;14.2;86;0.0
2025-11-27T03:00;-23.588333;-46.65889;13.1;12.9;93;0.0
2025-11-27T06:00;-23.588333;-46.65889;12.9;12.8;96;0.0
2025-11-27T09:00;-23.588333;-46.65889;18.6;19.9;72;0.0
2025-11-27T12:00;-23.588333;-46.65889;23.9;27.5;51;0.0
2025-11-27T15:00;-23.588333;-46.65889;21.4;21.8;66;0.0
2025-11-27T18:00;-23.588333;-46.65889;18.8;18.2;74;0.0
2025-11-27T21:00;-23.588333;-46.65889;17.2;17.4;86;0.0
2025-11-28T00:00;-23.588333;-46.65889;17.2;17.7;86;0.0
2025-11-28T03:00;-23.588333;-46.65889;16.7;17.7;93;0.0
2025-11-28T06:00;-23.588333;-46.65889;17.1;18.1;90;0.0
2025-11-28T09:00;-23.588333;-46.65889;22.6;25.3;66;0.0
2025-11-28T12:00;-23.588333;-46.65889;28.0;30.4;40;0.0
2025-11-28T15:00;-23.588333;-46.65889;29.2;29.3;33;0.0
2025-11-28T18:00;-23.588333;-46.65889;24.2;25.7;67;0.0
2025-11-28T21:00;-23.588333;-46.65889;20.9;22.6;77;0.0
2025-11-29T00:00;-23.588333;-46.65889;20.3;21.1;69;0.0
2025-11-29T03:00;-23.588333;-46.65889;18.5;19.3;73;0.0
2025-11-29T06:00;-23.588333;-46.65889;18.7;19.5;73;0.0
2025-11-29T09:00;-23.588333;-46.65889;25.5;26.4;41;0.0
2025-11-29T12:00;-23.588333;-46.65889;30.0;32.0;29;0.0
2025-11-29T15:00;-23.588333;-46.65889;30.4;30.2;30;0.0
2025-11-29T18:00;-23.588333;-46.65889;27.0;26.1;39;0.0
2025-11-29T21:00;-23.588333;-46.65889;23.0;23.3;54;0.0
2025-11-30T00:00;-23.588333;-46.65889;21.2;20.9;58;0.0
2025-11-30T03:00;-23.588333;-46.65889;19.6;19.9;65;0.0
2025-11-30T06:00;-23.588333;-46.65889;18.9;19.4;69;0.0
2025-11-30T09:00;-23.588333;-46.65889;26.1;26.2;35;0.0
2025-11-30T12:00;-23.588333;-46.65889;32.0;34.5;25;0.0
2025-11-30T15:00;-23.588333;-46.65889;32.7;32.5;26;0.0
2025-11-30T18:00;-23.588333;-46.65889;25.4;26.9;67;0.0
2025-11-30T21:00;-23.588333;-46.65889;21.0;22.6;80;0.0
2025-12-01T00:00;-23.588333;-46.65889;20.0;21.6;84;0.0
2025-12-01T03:00;-23.588333;-46.65889;19.6;21.6;89;0.0
2025-12-01T06:00;-23.588333;-46.65889;19.5;21.4;86;0.0
2025-12-01T09:00;-23.588333;-46.65889;25.5;27.7;55;0.0
2025-12-01T12:00;-23.588333;-46.65889;32.7;33.9;28;0.0
2025-12-01T15:00;-23.588333;-46.65889;27.6;28.8;51;0.2
2025-12-01T18:00;-23.588333;-46.65889;22.6;24.4;78;0.0
2025-12-01T21:00;-23.588333;-46.65889;21.9;24.2;78;0.0
2025-12-02T00:00;-23.588333;-46.65889;21.4;23.4;82;0.0
2025-12-02T03:00;-23.588333;-46.65889;21.2;24.0;85;0.0
2025-12-02T06:00;-23.588333;-46.65889;21.8;24.3;82;0.0
2025-12-02T09:00;-23.588333;-46.65889;24.6;26.3;68;0.0
2025-12-02T12:00;-23.588333;-46.65889;27.4;29.4;56;0.1
2025-12-02T15:00;-23.588333;-46.65889;27.6;29.5;53;0.1
2025-12-02T18:00;-23.588333;-46.65889;22.3;25.4;83;0.2
2025-12-02T21:00;-23.588333;-46.65889;23.1;25.5;75;0.0
2025-12-03T00:00;-23.588333;-46.65889;21.6;24.4;84;0.0
2025-12-03T03:00;-23.588333;-46.65889;20.1;23.2;92;0.0
2025-12-03T06:00;-23.588333;-46.65889;19.3;22.3;95;0.0
2025-12-03T09:00;-23.588333;-46.65889;24.5;27.1;61;0.0
2025-12-03T12:00;-23.588333;-46.65889;29.9;32.5;34;0.0
2025-12-03T15:00;-23.588333;-46.65889;25.5;26.7;58;0.4
2025-12-03T18:00;-23.588333;-46.65889;21.6;24.0;83;0.9
2025-12-03T21:00;-23.588333;-46.65889;20.8;22.3;84;0.2
2025-12-04T00:00;-23.588333;-46.65889;20.0;21.5;86;0.0
2025-12-04T03:00;-23.588333;-46.65889;18.1;19.3;90;0.0
2025-12-04T06:00;-23.588333;-46.65889;17.6;18.5;87;0.0
2025-12-04T09:00;-23.588333;-46.65889;20.8;21.2;67;0.0
2025-12-04T12:00;-23.588333;-46.65889;23.5;24.7;59;0.0
2025-12-04T15:00;-23.588333;-46.65889;22.6;22.9;68;0.1
2025-12-04T18:00;-23.588333;-46.65889;20.0;19.6;74;0.0
2025-12-04T21:00;-23.588333;-46.65889;18.6;18.7;81;0.0
2025-12-05T00:00;-23.588333;-46.65889;17.9;18.2;83;0.0
2025-12-05T03:00;-23.588333;-46.65889;17.2;17.5;84;0.0
2025-12-05T06:00;-23.588333;-46.65889;16.5;17.1;87;0.0
2025-12-05T09:00;-23.588333;-46.65889;21.9;22.7;60;0.0
2025-12-05T12:00;-23.588333;-46.65889;27.6;31.1;41;0.0
2025-12-05T15:00;-23.588333;-46.65889;24.2;25.2;64;0.0
2025-12-05T18:00;-23.588333;-46.65889;21.5;22.1;76;0.0
2025-12-05T21:00;-23.588333;-46.65889;19.6;20.7;84;0.0
2025-12-06T00:00;-23.588333;-46.65889;19.6;20.7;82;0.0
2025-12-06T03:00;-23.588333;-46.65889;17.8;18.9;90;0.0
2025-12-06T06:00;-23.588333;-46.65889;18.0;19.3;88;0.0
2025-12-06T09:00;-23.588333;-46.65889;24.5;27.2;59;0.0
2025-12-06T12:00;-23.588333;-46.65889;30.1;33.3;36;0.0
2025-12-06T15:00;-23.588333;-46.65889;29.7;31.2;40;0.1
2025-12-06T18:00;-23.588333;-46.65889;24.9;26.3;67;0.0
2025-12-06T21:00;-23.588333;-46.65889;21.8;23.8;78;0.0
2025-12-07T00:00;-23.588333;-46.65889;22.0;24.1;77;0.0
2025-12-07T03:00;-23.588333;-46.65889;21.4;23.6;77;0.0
2025-12-07T06:00;-23.588333;-46.65889;20.7;22.8;80;0.0
2025-12-07T09:00;-23.588333;-46.65889;27.7;29.6;49;0.0
2025-12-07T12:00;-23.588333;-46.65889;31.7;34.9;35;0.0
2025-12-07T15:00;-23.588333;-46.65889;26.3;28.8;62;0.4
2025-12-07T18:00;-23.588333;-46.65889;25.6;28.1;71;0.0
2025-12-07T21:00;-23.588333;-46.65889;23.4;26.1;74;0.0
2025-12-08T00:00;-23.588333;-46.65889;22.8;25.2;76;0.0
2025-12-08T03:00;-23.588333;-46.65889;22.2;24.2;80;0.0
2025-12-08T06:00;-23.588333;-46.65889;22.0;23.8;70;0.0
2025-12-08T09:00;-23.588333;-46.65889;27.0;28.7;56;0.0
2025-12-08T12:00;-23.588333;-46.65889;25.0;28.2;70;1.6
2025-12-08T15:00;-23.588333;-46.65889;22.2;25.4;83;0.2
2025-12-08T18:00;-23.588333;-46.65889;23.9;27.1;77;0.1
2025-12-08T21:00;-23.588333;-46.65889;20.2;22.9;98;0.5
2025-12-09T00:00;-23.588333;-46.65889;20.1;22.6;89;0.2
2025-12-09T03:00;-23.588333;-46.65889;20.1;21.8;88;0.3
2025-12-09T06:00;-23.588333;-46.65889;20.3;21.4;88;0.4
2025-12-09T09:00;-23.588333;-46.65889;20.5;21.4;90;0.4
2025-12-09T12:00;-23.588333;-46.65889;21.4;21.1;83;1.7
2025-12-09T15:00;-23.588333;-46.65889;21.9;22.3;82;0.4
2025-12-09T18:00;-23.588333;-46.65889;21.5;21.3;83;0.1
2025-12-09T21:00;-23.588333;-46.65889;20.5;20.5;92;0.3
2025-12-10T00:00;-23.588333;-46.65889;20.0;20.2;91;0.9
2025-12-10T03:00;-23.588333;-46.65889;20.5;20.5;89;0.2
2025-12-10T06:00;-23.588333;-46.65889;20.1;19.9;88;0.1
2025-12-10T09:00;-23.588333;-46.65889;22.8;20.8;68;0.0
2025-12-10T12:00;-23.588333;-46.65889;25.0;22.5;55;0.0
2025-12-10T15:00;-23.588333;-46.65889;26.6;24.4;48;0.0
2025-12-10T18:00;-23.588333;-46.65889;25.0;23.3;55;0.0
2025-12-10T21:00;-23.588333;-46.65889;23.4;22.0;61;0.0
2025-12-11T00:00;-23.588333;-46.65889;22.0;21.3;67;0.0
2025-12-11T03:00;-23.588333;-46.65889;20.9;20.0;70;0.0
2025-12-11T06:00;-23.588333;-46.65889;20.1;19.3;73;0.0
2025-12-11T09:00;-23.588333;-46.65889;23.2;22.8;60;0.0
2025-12-11T12:00;-23.588333;-46.65889;26.7;27.8;47;0.0
2025-12-11T15:00;-23.588333;-46.65889;29.0;28.3;34;0.0
2025-12-11T18:00;-23.588333;-46.65889;27.6;25.1;32;0.0
2025-12-11T21:00;-23.588333;-46.65889;23.9;23.0;45;0.0
2025-12-12T00:00;-23.588333;-46.65889;22.0;22.1;57;0.0
2025-12-12T03:00;-23.588333;-46.65889;20.2;20.5;65;0.0
2025-12-12T06:00;-23.588333;-46.65889;18.9;19.4;73;0.0
2025-12-12T09:00;-23.588333;-46.65889;26.7;26.9;41;0.0
2025-12-12T12:00;-23.588333;-46.65889;30.4;30.5;34;0.0
2025-12-12T15:00;-23.588333;-46.65889;27.1;27.6;49;0.3
2025-12-12T18:00;-23.588333;-46.65889;22.9;25.1;72;0.1
2025-12-12T21:00;-23.588333;-46.65889;23.0;24.8;73;0.0
2025-12-13T00:00;-23.588333;-46.65889;22.0;23.9;80;0.2
2025-12-13T03:00;-23.588333;-46.65889;20.1;21.9;90;1.4
2025-12-13T06:00;-23.588333;-46.65889;19.3;19.6;93;4.6
2025-12-13T09:00;-23.588333;-46.65889;19.8;21.2;93;0.2
2025-12-13T12:00;-23.588333;-46.65889;25.9;27.8;65;0.1
2025-12-13T15:00;-23.588333;-46.65889;22.6;23.9;77;1.3
2025-12-13T18:00;-23.588333;-46.65889;22.1;23.5;84;0.6
2025-12-13T21:00;-23.588333;-46.65889;20.9;23.2;89;1.2
2025-12-14T00:00;-23.588333;-46.65889;20.0;21.6;93;4.7
2025-12-14T03:00;-23.588333;-46.65889;20.2;21.3;90;0.2
2025-12-14T06:00;-23.588333;-46.65889;20.5;21.9;91;0.2
2025-12-14T09:00;-23.588333;-46.65889;21.9;23.8;87;0.0
2025-12-14T12:00;-23.588333;-46.65889;24.5;25.7;70;0.0
2025-12-14T15:00;-23.588333;-46.65889;26.1;27.3;61;0.1
2025-12-14T18:00;-23.588333;-46.65889;23.5;25.6;78;0.2
2025-12-14T21:00;-23.588333;-46.65889;22.2;25.3;87;0.0
2025-12-15T00:00;-23.588333;-46.65889;21.2;24.1;91;0.0
2025-12-15T03:00;-23.588333;-46.65889;20.8;23.7;94;0.0
2025-12-15T06:00;-23.588333;-46.65889;20.9;23.7;93;0.0
2025-12-15T09:00;-23.588333;-46.65889;25.2;28.2;73;0.0
2025-12-15T12:00;-23.588333;-46.65889;26.6;30.4;67;0.2
2025-12-15T15:00;-23.588333;-46.65889;28.4;30.3;53;0.6
2025-12-15T18:00;-23.588333;-46.65889;27.4;29.6;59;0.0
2025-12-15T21:00;-23.588333;-46.65889;25.0;28.6;78;0.0
2025-12-16T00:00;-23.588333;-46.65889;22.6;26.0;88;0.0
2025-12-16T03:00;-23.588333;-46.65889;22.0;25.7;95;0.0
2025-12-16T06:00;-23.588333;-46.65889;21.4;24.3;95;0.0
2025-12-16T09:00;-23.588333;-46.65889;26.0;28.1;73;0.0
2025-12-16T12:00;-23.588333;-46.65889;28.4;32.6;60;2.2
2025-12-16T15:00;-23.588333;-46.65889;29.5;33.7;61;1.5
2025-12-16T18:00;-23.588333;-46.65889;22.7;25.4;86;0.1
2025-12-16T21:00;-23.588333;-46.65889;20.5;21.9;94;0.3
2025-12-17T00:00;-23.588333;-46.65889;19.4;20.1;91;0.7
2025-12-17T03:00;-23.588333;-46.65889;16.6;15.6;89;0.7
2025-12-17T06:00;-23.588333;-46.65889;16.4;15.9;88;0.1
2025-12-17T09:00;-23.588333;-46.65889;17.5;16.7;79;0.0
2025-12-17T12:00;-23.588333;-46.65889;18.2;17.4;78;0.3
2025-12-17T15:00;-23.588333;-46.65889;18.2;17.6;78;0.1
2025-12-17T18:00;-23.588333;-46.65889;17.1;16.7;80;0.0
2025-12-17T21:00;-23.588333;-46.65889;16.2;16.0;85;0.0
2025-12-18T00:00;-23.588333;-46.65889;15.6;15.8;89;0.0
2025-12-18T03:00;-23.588333;-46.65889;15.4;15.6;92;0.0
2025-12-18T06:00;-23.588333;-46.65889;16.0;16.4;89;0.0
2025-12-18T09:00;-23.588333;-46.65889;18.8;19.2;75;0.0
2025-12-18T12:00;-23.588333;-46.65889;22.6;23.2;63;0.0
2025-12-18T15:00;-23.588333;-46.65889;21.2;22.0;75;0.0
2025-12-18T18:00;-23.588333;-46.65889;19.8;20.5;80;0.0
2025-12-18T21:00;-23.588333;-46.65889;18.3;19.7;89;0.0
2025-12-19T00:00;-23.588333;-46.65889;17.9;19.4;91;0.0
2025-12-19T03:00;-23.588333;-46.65889;18.4;20.2;93;0.0
2025-12-19T06:00;-23.588333;-46.65889;18.3;19.7;92;0.0
2025-12-19T09:00;-23.588333;-46.65889;20.8;22.3;79;0.0
2025-12-19T12:00;-23.588333;-46.65889;23.5;25.7;72;0.1
2025-12-19T15:00;-23.588333;-46.65889;22.7;24.9;78;0.2
2025-12-19T18:00;-23.588333;-46.65889;20.9;22.0;85;0.0
2025-12-19T21:00;-23.588333;-46.65889;19.9;21.8;90;0.0
2025-12-20T00:00;-23.588333;-46.65889;18.6;20.3;93;0.0
2025-12-20T03:00;-23.588333;-46.65889;18.9;20.7;94;0.0
2025-12-20T06:00;-23.588333;-46.65889;19.1;20.9;91;0.0
2025-12-20T09:00;-23.588333;-46.65889;22.0;23.4;75;0.0
2025-12-20T12:00;-23.588333;-46.65889;26.1;30.1;58;0.0
2025-12-20T15:00;-23.588333;-46.65889;25.4;27.9;66;0.4
2025-12-20T18:00;-23.588333;-46.65889;22.5;23.6;76;0.0
2025-12-20T21:00;-23.588333;-46.65889;20.2;22.2;89;0.0
2025-12-21T00:00;-23.588333;-46.65889;19.4;21.4;90;0.0
2025-12-21T03:00;-23.588333;-46.65889;18.7;20.4;94;0.0
2025-12-21T06:00;-23.588333;-46.65889;18.5;20.0;93;0.0
2025-12-21T09:00;-23.588333;-46.65889;23.7;26.9;73;0.0
2025-12-21T12:00;-23.588333;-46.65889;30.4;34.8;36;0.0
2025-12-21T15:00;-23.588333;-46.65889;33.2;34.4;22;0.0
2025-12-21T18:00;-23.588333;-46.65889;26.6;27.5;56;0.0
2025-12-21T21:00;-23.588333;-46.65889;24.2;26.2;67;0.0
2025-12-22T00:00;-23.588333;-46.65889;24.1;24.8;60;0.0
2025-12-22T03:00;-23.588333;-46.65889;22.5;23.6;69;0.0
2025-12-22T06:00;-23.588333;-46.65889;21.6;23.1;73;0.0
2025-12-22T09:00;-23.588333;-46.65889;27.6;28.8;46;0.0
2025-12-22T12:00;-23.588333;-46.65889;32.5;35.1;30;0.0
2025-12-22T15:00;-23.588333;-46.65889;31.2;32.0;32;0.4
2025-12-22T18:00;-23.588333;-46.65889;30.1;30.7;34;0.1
2025-12-22T21:00;-23.588333;-46.65889;25.0;27.9;69;0.0
2025-12-23T00:00;-23.588333;-46.65889;25.5;26.8;56;0.0
2025-12-23T03:00;-23.588333;-46.65889;25.0;26.3;61;0.0
2025-12-23T06:00;-23.588333;-46.65889;23.7;24.2;59;0.0
2025-12-23T09:00;-23.588333;-46.65889;28.0;28.3;44;0.0
2025-12-23T12:00;-23.588333;-46.65889;31.0;32.4;35;0.2
2025-12-23T15:00;-23.588333;-46.65889;33.2;34.0;27;0.0
2025-12-23T18:00;-23.588333;-46.65889;32.0;31.3;25;0.0
2025-12-23T21:00;-23.588333;-46.65889;28.8;30.0;46;0.0
2025-12-24T00:00;-23.588333;-46.65889;28.2;29.5;47;0.0
2025-12-24T03:00;-23.588333;-46.65889;25.3;26.8;59;0.0
2025-12-24T06:00;-23.588333;-46.65889;23.8;25.3;65;0.0
2025-12-24T09:00;-23.588333;-46.65889;30.2;31.2;38;0.0
2025-12-24T12:00;-23.588333;-46.65889;32.6;35.2;31;0.0
2025-12-24T15:00;-23.588333;-46.65889;33.5;35.1;29;0.0
2025-12-24T18:00;-23.588333;-46.65889;31.4;32.3;34;0.3
2025-12-24T21:00;-23.588333;-46.65889;28.5;29.6;49;0.0
2025-12-25T00:00;-23.588333;-46.65889;27.1;28.9;54;0.0
2025-12-25T03:00;-23.588333;-46.65889;25.2;28.5;70;0.0
2025-12-25T06:00;-23.588333;-46.65889;24.4;26.9;70;0.0
2025-12-25T09:00;-23.588333;-46.65889;30.1;32.4;45;0.0
2025-12-25T12:00;-23.588333;-46.65889;33.5;37.5;35;0.0
2025-12-25T15:00;-23.588333;-46.65889;34.0;34.8;30;0.0
2025-12-25T18:00;-23.588333;-46.65889;30.1;31.1;44;0.4
2025-12-25T21:00;-23.588333;-46.65889;28.5;30.7;54;0.0
2025-12-26T00:00;-23.588333;-46.65889;27.0;28.6;59;0.0
2025-12-26T03:00;-23.588333;-46.65889;25.4;27.4;64;0.0
2025-12-26T06:00;-23.588333;-46.65889;24.0;26.2;72;0.0
2025-12-26T09:00;-23.588333;-46.65889;29.4;32.2;50;0.0
2025-12-26T12:00;-23.588333;-46.65889;32.8;35.0;36;0.0
2025-12-26T15:00;-23.588333;-46.65889;30.0;31.6;47;0.0
2025-12-26T18:00;-23.588333;-46.65889;30.2;32.2;47;0.0
2025-12-26T21:00;-23.588333;-46.65889;27.0;30.2;70;0.0
2025-12-27T00:00;-23.588333;-46.65889;25.8;28.4;67;0.0
2025-12-27T03:00;-23.588333;-46.65889;24.0;27.4;76;0.0
2025-12-27T06:00;-23.588333;-46.65889;23.5;26.9;77;0.0
2025-12-27T09:00;-23.588333;-46.65889;29.1;32.0;52;0.0
2025-12-27T12:00;-23.588333;-46.65889;34.0;38.6;35;0.0
2025-12-27T15:00;-23.588333;-46.65889;28.5;31.2;59;3.0
2025-12-27T18:00;-23.588333;-46.65889;30.2;32.8;51;0.2
2025-12-27T21:00;-23.588333;-46.65889;25.9;29.4;71;0.0
2025-12-28T00:00;-23.588333;-46.65889;25.5;29.1;71;0.0
2025-12-28T03:00;-23.588333;-46.65889;24.8;28.1;74;0.0
2025-12-28T06:00;-23.588333;-46.65889;23.0;26.3;86;0.0
2025-12-28T09:00;-23.588333;-46.65889;27.5;32.1;66;0.0
2025-12-28T12:00;-23.588333;-46.65889;34.0;38.7;35;0.0
2025-12-28T15:00;-23.588333;-46.65889;34.8;36.1;29;0.2
2025-12-28T18:00;-23.588333;-46.65889;30.0;33.3;56;0.0
2025-12-28T21:00;-23.588333;-46.65889;27.2;30.8;64;12.2
2025-12-29T00:00;-23.588333;-46.65889;25.7;27.4;61;0.0
2025-12-29T03:00;-23.588333;-46.65889;24.7;27.7;75;0.0
2025-12-29T06:00;-23.588333;-46.65889;23.5;26.0;81;0.0
2025-12-29T09:00;-23.588333;-46.65889;26.5;29.4;66;0.0
2025-12-29T12:00;-23.588333;-46.65889;31.1;37.2;49;0.0
2025-12-29T15:00;-23.588333;-46.65889;33.6;37.7;37;0.0
2025-12-29T18:00;-23.588333;-46.65889;28.2;30.8;59;0.1
2025-12-29T21:00;-23.588333;-46.65889;23.2;26.6;91;3.9
2025-12-30T00:00;-23.588333;-46.65889;23.5;28.1;90;0.0
2025-12-30T03:00;-23.588333;-46.65889;22.3;25.7;90;0.0
2025-12-30T06:00;-23.588333;-46.65889;22.0;25.5;91;0.0
2025-12-30T09:00;-23.588333;-46.65889;24.8;28.6;78;0.0
2025-12-30T12:00;-23.588333;-46.65889;29.9;36.4;58;0.0
2025-12-30T15:00;-23.588333;-46.65889;31.7;33.9;45;0.5
2025-12-30T18:00;-23.588333;-46.65889;26.9;31.1;72;0.2
2025-12-30T21:00;-23.588333;-46.65889;21.5;25.1;95;0.0
2025-12-31T00:00;-23.588333;-46.65889;21.4;24.8;93;1.4
2025-12-31T03:00;-23.588333;-46.65889;21.3;24.6;96;0.0
2025-12-31T06:00;-23.588333;-46.65889;21.5;24.7;93;0.0
2025-12-31T09:00;-23.588333;-46.65889;24.2;27.6;84;0.0
2025-12-31T12:00;-23.588333;-46.65889;25.8;29.5;69;4.1
2025-12-31T15:00;-23.588333;-46.65889;29.5;33.6;57;0.1
2025-12-31T18:00;-23.588333;-46.65889;26.8;29.7;65;0.3
2025-12-31T21:00;-23.588333;-46.65889;23.5;26.7;82;0.0
2026-01-01T00:00;-23.588333;-46.65889;22.6;25.3;84;0.0
2026-01-01T03:00;-23.588333;-46.65889;22.4;24.9;88;0.0
2026-01-01T06:00;-23.588333;-46.65889;21.5;23.7;90;0.0
2026-01-01T09:00;-23.588333;-46.65889;25.0;26.4;74;0.0
2026-01-01T12:00;-23.588333;-46.65889;26.9;28.6;61;1.7
2026-01-01T15:00;-23.588333;-46.65889;29.1;31.7;52;0.0
2026-01-01T18:00;-23.588333;-46.65889;26.7;29.1;66;0.0
2026-01-01T21:00;-23.588333;-46.65889;23.5;26.7;84;0.0
2026-01-02T00:00;-23.588333;-46.65889;22.2;24.4;85;0.1
2026-01-02T03:00;-23.588333;-46.65889;21.1;23.5;95;1.0
2026-01-02T06:00;-23.588333;-46.65889;21.0;23.2;92;0.1
2026-01-02T09:00;-23.588333;-46.65889;23.7;24.7;77;0.2
2026-01-02T12:00;-23.588333;-46.65889;26.2;28.9;66;2.4
2026-01-02T15:00;-23.588333;-46.65889;26.9;28.8;66;0.1
2026-01-02T18:00;-23.588333;-46.65889;24.5;27.1;75;0.0
2026-01-02T21:00;-23.588333;-46.65889;20.8;23.4;94;0.4
2026-01-03T00:00;-23.588333;-46.65889;20.8;23.7;94;0.7
2026-01-03T03:00;-23.588333;-46.65889;20.6;23.5;98;0.0
2026-01-03T06:00;-23.588333;-46.65889;20.3;22.8;95;0.0
2026-01-03T09:00;-23.588333;-46.65889;24.6;26.3;75;0.0
2026-01-03T12:00;-23.588333;-46.65889;27.9;31.7;60;0.1
2026-01-03T15:00;-23.588333;-46.65889;29.4;31.4;48;0.0
2026-01-03T18:00;-23.588333;-46.65889;28.1;29.2;49;0.0
2026-01-03T21:00;-23.588333;-46.65889;25.4;27.8;64;0.0
2026-01-04T00:00;-23.588333;-46.65889;21.9;22.7;80;0.1
2026-01-04T03:00;-23.588333;-46.65889;20.8;23.3;91;0.0
2026-01-04T06:00;-23.588333;-46.65889;20.0;22.2;91;0.1
2026-01-04T09:00;-23.588333;-46.65889;21.2;22.3;81;0.2
2026-01-04T12:00;-23.588333;-46.65889;23.3;25.5;71;0.0
2026-01-04T15:00;-23.588333;-46.65889;21.8;22.5;74;0.5
2026-01-04T18:00;-23.588333;-46.65889;20.2;20.6;78;0.1
2026-01-04T21:00;-23.588333;-46.65889;18.5;18.7;85;0.0
2026-01-05T00:00;-23.588333;-46.65889;18.0;18.6;87;0.0
2026-01-05T03:00;-23.588333;-46.65889;17.9;18.5;87;0.0
2026-01-05T06:00;-23.588333;-46.65889;17.7;18.1;88;0.1
2026-01-05T09:00;-23.588333;-46.65889;19.6;19.4;76;0.3
2026-01-05T12:00;-23.588333;-46.65889;21.0;21.1;72;0.2
2026-01-05T15:00;-23.588333;-46.65889;20.6;19.9;72;0.0
2026-01-05T18:00;-23.588333;-46.65889;18.5;17.9;80;0.0
2026-01-05T21:00;-23.588333;-46.65889;17.5;17.9;88;0.0
2026-01-06T00:00;-23.588333;-46.65889;16.9;17.3;89;0.0
2026-01-06T03:00;-23.588333;-46.65889;16.8;17.4;92;0.0
2026-01-06T06:00;-23.588333;-46.65889;16.4;16.9;92;0.0
2026-01-06T09:00;-23.588333;-46.65889;20.4;20.1;69;0.0
2026-01-06T12:00;-23.588333;-46.65889;25.3;26.1;50;0.0
2026-01-06T15:00;-23.588333;-46.65889;27.1;29.7;47;0.2
2026-01-06T18:00;-23.588333;-46.65889;23.5;24.4;66;0.3
2026-01-06T21:00;-23.588333;-46.65889;20.9;22.6;82;0.0
2026-01-07T00:00;-23.588333;-46.65889;20.1;22.2;86;0.0
2026-01-07T03:00;-23.588333;-46.65889;20.0;22.4;88;0.0
2026-01-07T06:00;-23.588333;-46.65889;19.5;21.4;89;0.0
2026-01-07T09:00;-23.588333;-46.65889;24.0;25.3;61;0.0
2026-01-07T12:00;-23.588333;-46.65889;28.4;32.0;47;0.1
2026-01-07T15:00;-23.588333;-46.65889;28.4;30.3;45;0.0
2026-01-07T18:00;-23.588333;-46.65889;25.8;27.6;55;1.0
2026-01-07T21:00;-23.588333;-46.65889;21.8;24.3;85;0.0
2026-01-08T00:00;-23.588333;-46.65889;20.1;22.2;91;7.2
2026-01-08T03:00;-23.588333;-46.65889;20.1;22.3;88;0.0
2026-01-08T06:00;-23.588333;-46.65889;19.8;21.2;85;0.0
2026-01-08T09:00;-23.588333;-46.65889;26.5;27.6;53;0.0
2026-01-08T12:00;-23.588333;-46.65889;30.2;33.4;40;0.0
2026-01-08T15:00;-23.588333;-46.65889;30.0;31.9;42;0.0
2026-01-08T18:00;-23.588333;-46.65889;22.4;24.2;81;3.7
2026-01-08T21:00;-23.588333;-46.65889;22.5;25.3;79;0.0
2026-01-09T00:00;-23.588333;-46.65889;21.5;24.9;88;0.6
2026-01-09T03:00;-23.588333;-46.65889;21.2;24.5;91;0.2
2026-01-09T06:00;-23.588333;-46.65889;20.9;24.2;93;0.0
2026-01-09T09:00;-23.588333;-46.65889;26.5;29.2;61;0.0
2026-01-09T12:00;-23.588333;-46.65889;30.2;33.2;39;0.0
2026-01-09T15:00;-23.588333;-46.65889;25.5;28.0;69;0.0
2026-01-09T18:00;-23.588333;-46.65889;25.3;28.5;75;0.0
2026-01-09T21:00;-23.588333;-46.65889;23.2;26.8;86;0.0
2026-01-10T00:00;-23.588333;-46.65889;22.2;25.2;86;0.0
2026-01-10T03:00;-23.588333;-46.65889;21.6;24.4;88;0.0
2026-01-10T06:00;-23.588333;-46.65889;21.2;23.9;88;0.0
2026-01-10T09:00;-23.588333;-46.65889;28.5;30.2;51;0.0
2026-01-10T12:00;-23.588333;-46.65889;31.4;34.5;36;0.0
2026-01-10T15:00;-23.588333;-46.65889;33.3;34.9;30;0.0
2026-01-10T18:00;-23.588333;-46.65889;31.7;31.9;33;0.1
2026-01-10T21:00;-23.588333;-46.65889;23.5;27.0;82;0.0
2026-01-11T00:00;-23.588333;-46.65889;22.0;25.7;88;0.3
2026-01-11T03:00;-23.588333;-46.65889;22.0;25.5;94;0.0
2026-01-11T06:00;-23.588333;-46.65889;21.0;23.6;89;0.0
2026-01-11T09:00;-23.588333;-46.65889;27.9;29.4;53;0.0
2026-01-11T12:00;-23.588333;-46.65889;32.2;33.8;33;0.0
2026-01-11T15:00;-23.588333;-46.65889;32.9;33.5;29;0.0
2026-01-11T18:00;-23.588333;-46.65889;32.3;31.0;28;0.0
2026-01-11T21:00;-23.588333;-46.65889;27.1;29.7;67;0.0
2026-01-12T00:00;-23.588333;-46.65889;25.2;28.0;74;0.1
2026-01-12T03:00;-23.588333;-46.65889;23.7;27.1;79;0.0
2026-01-12T06:00;-23.588333;-46.65889;23.1;25.5;77;0.0
2026-01-12T09:00;-23.588333;-46.65889;29.3;29.5;39;0.0
2026-01-12T12:00;-23.588333;-46.65889;33.0;34.2;29;0.0
2026-01-12T15:00;-23.588333;-46.65889;34.0;34.9;23;0.0
2026-01-12T18:00;-23.588333;-46.65889;27.6;29.0;48;0.2
2026-01-12T21:00;-23.588333;-46.65889;22.1;24.7;83;0.0
2026-01-13T00:00;-23.588333;-46.65889;21.1;23.6;85;0.5
2026-01-13T03:00;-23.588333;-46.65889;21.8;24.6;89;0.0
2026-01-13T06:00;-23.588333;-46.65889;20.1;21.9;89;0.0
2026-01-13T09:00;-23.588333;-46.65889;23.4;24.3;68;0.0
2026-01-13T12:00;-23.588333;-46.65889;24.0;25.2;66;0.2
2026-01-13T15:00;-23.588333;-46.65889;29.2;30.1;46;0.0
2026-01-13T18:00;-23.588333;-46.65889;27.5;29.1;49;0.1
2026-01-13T21:00;-23.588333;-46.65889;22.5;23.6;72;0.0
2026-01-14T00:00;-23.588333;-46.65889;20.2;21.9;85;0.5
2026-01-14T03:00;-23.588333;-46.65889;20.1;21.8;88;0.1
2026-01-14T06:00;-23.588333;-46.65889;20.2;21.8;83;0.0
2026-01-14T09:00;-23.588333;-46.65889;23.7;26.1;72;0.0
2026-01-14T12:00;-23.588333;-46.65889;28.0;31.5;54;0.0
2026-01-14T15:00;-23.588333;-46.65889;23.3;24.3;77;0.8
2026-01-14T18:00;-23.588333;-46.65889;22.1;25.1;83;2.4
2026-01-14T21:00;-23.588333;-46.65889;21.0;24.0;89;0.1
2026-01-15T00:00;-23.588333;-46.65889;20.5;23.6;91;0.0
2026-01-15T03:00;-23.588333;-46.65889;20.1;22.4;89;0.0
2026-01-15T06:00;-23.588333;-46.65889;20.5;22.5;84;0.0
2026-01-15T09:00;-23.588333;-46.65889;23.4;25.7;74;0.0
2026-01-15T12:00;-23.588333;-46.65889;26.7;29.5;62;0.2
2026-01-15T15:00;-23.588333;-46.65889;24.8;27.4;72;0.3
2026-01-15T18:00;-23.588333;-46.65889;22.1;24.7;85;0.6
2026-01-15T21:00;-23.588333;-46.65889;20.6;23.2;89;0.6
2026-01-16T00:00;-23.588333;-46.65889;20.2;23.3;95;0.5
2026-01-16T03:00;-23.588333;-46.65889;20.0;22.4;92;0.2
2026-01-16T06:00;-23.588333;-46.65889;19.7;21.7;90;0.0
2026-01-16T09:00;-23.588333;-46.65889;23.4;25.7;76;0.0
2026-01-16T12:00;-23.588333;-46.65889;27.0;31.9;64;0.0
2026-01-16T15:00;-23.588333;-46.65889;25.2;28.1;71;0.3
2026-01-16T18:00;-23.588333;-46.65889;21.2;24.0;90;1.7
2026-01-16T21:00;-23.588333;-46.65889;21.1;24.3;93;0.0
2026-01-17T00:00;-23.588333;-46.65889;20.5;23.4;94;1.8
2026-01-17T03:00;-23.588333;-46.65889;20.0;22.2;92;0.1
2026-01-17T06:00;-23.588333;-46.65889;19.4;21.8;93;0.0
2026-01-17T09:00;-23.588333;-46.65889;23.6;25.3;74;0.0
2026-01-17T12:00;-23.588333;-46.65889;25.2;27.5;67;0.2
2026-01-17T15:00;-23.588333;-46.65889;26.6;28.9;60;0.1
2026-01-17T18:00;-23.588333;-46.65889;22.2;24.6;78;8.4
2026-01-17T21:00;-23.588333;-46.65889;21.1;23.8;89;0.0
2026-01-18T00:00;-23.588333;-46.65889;20.0;22.9;93;0.3
2026-01-18T03:00;-23.588333;-46.65889;20.1;22.3;94;0.3
2026-01-18T06:00;-23.588333;-46.65889;20.0;21.8;92;0.0
2026-01-18T09:00;-23.588333;-46.65889;23.6;24.3;72;0.2
2026-01-18T12:00;-23.588333;-46.65889;24.2;27.2;75;1.3
2026-01-18T15:00;-23.588333;-46.65889;25.5;26.9;66;1.0
2026-01-18T18:00;-23.588333;-46.65889;25.0;27.5;68;0.1
2026-01-18T21:00;-23.588333;-46.65889;21.8;24.9;89;0.0
2026-01-19T00:00;-23.588333;-46.65889;20.6;22.4;92;1.1
2026-01-19T03:00;-23.588333;-46.65889;20.2;22.7;95;0.0
2026-01-19T06:00;-23.588333;-46.65889;20.2;22.2;92;0.0
2026-01-19T09:00;-23.588333;-46.65889;21.8;23.1;82;0.2
2026-01-19T12:00;-23.588333;-46.65889;24.5;26.5;72;0.1
2026-01-19T15:00;-23.588333;-46.65889;20.5;21.8;91;2.9
2026-01-19T18:00;-23.588333;-46.65889;19.2;19.3;92;0.5
2026-01-19T21:00;-23.588333;-46.65889;18.4;18.2;90;1.4
2026-01-20T00:00;-23.588333;-46.65889;17.5;17.0;90;0.3
2026-01-20T03:00;-23.588333;-46.65889;16.9;17.3;92;0.0
2026-01-20T06:00;-23.588333;-46.65889;16.5;16.7;90;0.0
2026-01-20T09:00;-23.588333;-46.65889;18.4;17.6;75;0.1
2026-01-20T12:00;-23.588333;-46.65889;20.3;19.6;67;0.1
2026-01-20T15:00;-23.588333;-46.65889;20.2;19.6;66;0.0
2026-01-20T18:00;-23.588333;-46.65889;18.3;17.6;78;0.0
2026-01-20T21:00;-23.588333;-46.65889;16.2;16.1;91;0.0
2026-01-21T00:00;-23.588333;-46.65889;15.8;15.7;89;0.0
2026-01-21T03:00;-23.588333;-46.65889;15.8;16.3;91;0.0
2026-01-21T06:00;-23.588333;-46.65889;15.8;16.2;91;0.0
2026-01-21T09:00;-23.588333;-46.65889;18.2;17.9;76;0.1
2026-01-21T12:00;-23.588333;-46.65889;19.0;18.9;78;1.0
2026-01-21T15:00;-23.588333;-46.65889;18.9;18.1;75;0.0
2026-01-21T18:00;-23.588333;-46.65889;17.7;16.8;76;0.0
2026-01-21T21:00;-23.588333;-46.65889;16.9;16.8;80;0.0
2026-01-22T00:00;-23.588333;-46.65889;16.6;16.7;84;0.0
2026-01-22T03:00;-23.588333;-46.65889;16.3;16.7;88;0.0
2026-01-22T06:00;-23.588333;-46.65889;15.9;16.5;89;0.0
2026-01-22T09:00;-23.588333;-46.65889;19.3;19.7;79;0.1
2026-01-22T12:00;-23.588333;-46.65889;20.3;21.4;79;0.4
2026-01-22T15:00;-23.588333;-46.65889;19.2;19.3;83;0.2
2026-01-22T18:00;-23.588333;-46.65889;17.6;18.0;88;0.2
2026-01-22T21:00;-23.588333;-46.65889;17.0;18.0;86;0.1
2026-01-23T00:00;-23.588333;-46.65889;16.6;17.4;91;0.0
2026-01-23T03:00;-23.588333;-46.65889;16.9;18.1;94;0.0
2026-01-23T06:00;-23.588333;-46.65889;17.2;18.5;94;0.0
2026-01-23T09:00;-23.588333;-46.65889;20.3;21.4;80;0.2
2026-01-23T12:00;-23.588333;-46.65889;22.8;25.0;72;0.1
2026-01-23T15:00;-23.588333;-46.65889;23.5;24.8;68;0.1
2026-01-23T18:00;-23.588333;-46.65889;20.6;21.4;81;0.0
2026-01-23T21:00;-23.588333;-46.65889;18.6;20.0;93;0.0
2026-01-24T00:00;-23.588333;-46.65889;18.3;19.7;94;0.1
2026-01-24T03:00;-23.588333;-46.65889;18.0;19.6;95;0.0
2026-01-24T06:00;-23.588333;-46.65889;17.9;19.8;97;0.0
2026-01-24T09:00;-23.588333;-46.65889;21.5;22.1;73;0.1
2026-01-24T12:00;-23.588333;-46.65889;24.0;26.7;63;0.3
2026-01-24T15:00;-23.588333;-46.65889;22.9;24.5;77;0.7
2026-01-24T18:00;-23.588333;-46.65889;21.0;21.8;82;0.2
2026-01-24T21:00;-23.588333;-46.65889;19.5;21.7;95;0.0
2026-01-25T00:00;-23.588333;-46.65889;19.5;21.9;95;0.1
2026-01-25T03:00;-23.588333;-46.65889;19.0;21.2;95;0.0
2026-01-25T06:00;-23.588333;-46.65889;18.2;20.3;96;0.0
2026-01-25T09:00;-23.588333;-46.65889;21.8;23.7;79;0.1
2026-01-25T12:00;-23.588333;-46.65889;26.0;30.0;63;0.2
2026-01-25T15:00;-23.588333;-46.65889;25.1;28.9;69;0.0
2026-01-25T18:00;-23.588333;-46.65889;21.2;22.9;85;0.4
2026-01-25T21:00;-23.588333;-46.65889;19.5;21.4;93;0.0
2026-01-26T00:00;-23.588333;-46.65889;18.9;21.1;95;0.0
2026-01-26T03:00;-23.588333;-46.65889;17.6;19.9;97;0.0
2026-01-26T06:00;-23.588333;-46.65889;17.1;18.9;98;0.0
2026-01-26T09:00;-23.588333;-46.65889;21.5;24.0;83;0.0
2026-01-26T12:00;-23.588333;-46.65889;25.7;29.5;66;0.0
2026-01-26T15:00;-23.588333;-46.65889;25.4;28.5;65;0.3
2026-01-26T18:00;-23.588333;-46.65889;22.4;24.2;80;2.5
2026-01-26T21:00;-23.588333;-46.65889;19.9;21.7;90;0.0
2026-01-27T00:00;-23.588333;-46.65889;19.0;22.0;97;0.0
2026-01-27T03:00;-23.588333;-46.65889;18.9;21.7;99;0.0
2026-01-27T06:00;-23.588333;-46.65889;18.5;20.6;99;0.0
2026-01-27T09:00;-23.588333;-46.65889;21.6;23.8;81;0.0
2026-01-27T12:00;-23.588333;-46.65889;26.6;33.5;68;0.0
2026-01-27T15:00;-23.588333;-46.65889;24.3;26.4;70;3.2
2026-01-27T18:00;-23.588333;-46.65889;23.0;25.4;81;0.0
2026-01-27T21:00;-23.588333;-46.65889;21.5;24.8;91;0.0
2026-01-28T00:00;-23.588333;-46.65889;20.5;23.7;95;0.0
2026-01-28T03:00;-23.588333;-46.65889;19.0;22.2;100;0.0
2026-01-28T06:00;-23.588333;-46.65889;18.5;20.8;97;0.0
2026-01-28T09:00;-23.588333;-46.65889;24.0;26.6;73;0.1
2026-01-28T12:00;-23.588333;-46.65889;27.5;32.6;57;0.1
2026-01-28T15:00;-23.588333;-46.65889;24.8;26.9;62;0.9
2026-01-28T18:00;-23.588333;-46.65889;23.6;26.2;74;3.9
2026-01-28T21:00;-23.588333;-46.65889;21.1;22.6;85;0.0
2026-01-29T00:00;-23.588333;-46.65889;19.4;21.9;92;0.0
2026-01-29T03:00;-23.588333;-46.65889;18.6;20.9;94;0.0
2026-01-29T06:00;-23.588333;-46.65889;17.9;19.8;95;0.0
2026-01-29T09:00;-23.588333;-46.65889;23.4;25.8;75;0.0
2026-01-29T12:00;-23.588333;-46.65889;27.5;31.4;59;0.1
2026-01-29T15:00;-23.588333;-46.65889;26.6;31.3;63;0.0
2026-01-29T18:00;-23.588333;-46.65889;21.7;24.3;85;0.6
2026-01-29T21:00;-23.588333;-46.65889;22.5;25.6;81;0.2
2026-01-30T00:00;-23.588333;-46.65889;20.4;23.1;93;2.7
2026-01-30T03:00;-23.588333;-46.65889;19.1;20.9;95;0.8
2026-01-30T06:00;-23.588333;-46.65889;18.5;19.6;92;0.0
2026-01-30T09:00;-23.588333;-46.65889;21.5;22.6;79;0.0
2026-01-30T12:00;-23.588333;-46.65889;23.0;25.4;76;0.2
2026-01-30T15:00;-23.588333;-46.65889;25.0;27.1;67;0.1
2026-01-30T18:00;-23.588333;-46.65889;21.4;23.2;79;0.4
2026-01-30T21:00;-23.588333;-46.65889;19.8;22.1;89;0.0
2026-01-31T00:00;-23.588333;-46.65889;18.5;20.4;96;0.1
2026-01-31T03:00;-23.588333;-46.65889;18.7;20.3;95;0.0
2026-01-31T06:00;-23.588333;-46.65889;18.9;20.4;94;0.0
2026-01-31T09:00;-23.588333;-46.65889;21.6;22.5;79;0.1
2026-01-31T12:00;-23.588333;-46.65889;24.1;26.4;73;0.4
2026-01-31T15:00;-23.588333;-46.65889;26.5;28.6;58;0.3
2026-01-31T18:00;-23.588333;-46.65889;25.5;27.2;63;0.0
2026-01-31T21:00;-23.588333;-46.65889;23.5;25.6;76;0.0
2026-02-01T00:00;-23.588333;-46.65889;22.8;23.9;76;0.0
2026-02-01T03:00;-23.588333;-46.65889;21.5;22.8;84;0.0
2026-02-01T06:00;-23.588333;-46.65889;20.2;21.6;91;0.0
2026-02-01T09:00;-23.588333;-46.65889;22.7;23.4;79;0.1
2026-02-01T12:00;-23.588333;-46.65889;25.3;28.7;75;0.2
2026-02-01T15:00;-23.588333;-46.65889;23.6;25.2;77;1.1
2026-02-01T18:00;-23.588333;-46.65889;23.6;25.7;80;0.0
2026-02-01T21:00;-23.588333;-46.65889;21.1;23.2;88;0.0
2026-02-02T00:00;-23.588333;-46.65889;20.1;22.6;93;0.0
2026-02-02T03:00;-23.588333;-46.65889;20.7;23.3;93;0.0
2026-02-02T06:00;-23.588333;-46.65889;19.6;21.4;93;0.1
2026-02-02T09:00;-23.588333;-46.65889;21.4;23.7;91;0.2
2026-02-02T12:00;-23.588333;-46.65889;23.2;24.7;79;0.2
2026-02-02T15:00;-23.588333;-46.65889;25.0;28.7;71;0.3
2026-02-02T18:00;-23.588333;-46.65889;23.1;25.9;78;0.1
2026-02-02T21:00;-23.588333;-46.65889;21.5;24.8;89;0.0
2026-02-03T00:00;-23.588333;-46.65889;20.9;23.7;90;0.2
2026-02-03T03:00;-23.588333;-46.65889;20.1;23.4;96;0.1
2026-02-03T06:00;-23.588333;-46.65889;19.8;21.7;93;0.4
2026-02-03T09:00;-23.588333;-46.65889;22.1;24.3;84;0.7
2026-02-03T12:00;-23.588333;-46.65889;23.9;25.7;77;1.0
2026-02-03T15:00;-23.588333;-46.65889;24.4;26.6;76;2.6
2026-02-03T18:00;-23.588333;-46.65889;23.2;26.0;79;0.4
2026-02-03T21:00;-23.588333;-46.65889;21.5;25.0;95;0.1
2026-02-04T00:00;-23.588333;-46.65889;21.0;23.9;96;0.8
2026-02-04T03:00;-23.588333;-46.65889;20.2;23.2;95;0.7
2026-02-04T06:00;-23.588333;-46.65889;20.5;22.9;95;0.0
2026-02-04T09:00;-23.588333;-46.65889;23.8;25.3;78;0.1
2026-02-04T12:00;-23.588333;-46.65889;26.1;29.4;70;0.0
2026-02-04T15:00;-23.588333;-46.65889;24.5;27.5;78;0.9
2026-02-04T18:00;-23.588333;-46.65889;21.2;23.5;88;5.1
2026-02-04T21:00;-23.588333;-46.65889;20.5;23.5;93;0.1
2026-02-05T00:00;-23.588333;-46.65889;20.4;23.5;94;0.3
2026-02-05T03:00;-23.588333;-46.65889;20.5;23.8;96;0.0
2026-02-05T06:00;-23.588333;-46.65889;19.6;22.6;98;0.0
2026-02-05T09:00;-23.588333;-46.65889;21.8;24.2;87;0.2
2026-02-05T12:00;-23.588333;-46.65889;23.2;24.4;74;1.6
2026-02-05T15:00;-23.588333;-46.65889;25.2;28.6;69;0.3
2026-02-05T18:00;-23.588333;-46.65889;22.8;24.5;80;0.0
2026-02-05T21:00;-23.588333;-46.65889;20.8;23.4;93;0.0
2026-02-06T00:00;-23.588333;-46.65889;20.4;23.0;93;0.0
2026-02-06T03:00;-23.588333;-46.65889;20.1;23.2;95;0.0
2026-02-06T06:00;-23.588333;-46.65889;19.5;22.4;96;0.0
2026-02-06T09:00;-23.588333;-46.65889;23.0;25.6;78;0.0
2026-02-06T12:00;-23.588333;-46.65889;26.8;32.8;63;0.1
2026-02-06T15:00;-23.588333;-46.65889;25.2;28.5;69;0.0
2026-02-06T18:00;-23.588333;-46.65889;22.9;25.4;85;1.0
2026-02-06T21:00;-23.588333;-46.65889;22.0;25.3;91;0.0
2026-02-07T00:00;-23.588333;-46.65889;21.4;24.8;93;0.0
2026-02-07T03:00;-23.588333;-46.65889;21.5;25.4;96;0.2
2026-02-07T06:00;-23.588333;-46.65889;21.3;25.2;96;0.0
2026-02-07T09:00;-23.588333;-46.65889;22.5;26.3;90;0.0
2026-02-07T12:00;-23.588333;-46.65889;25.4;29.3;76;3.0
2026-02-07T15:00;-23.588333;-46.65889;26.8;30.5;67;0.2
2026-02-07T18:00;-23.588333;-46.65889;22.5;25.4;84;4.0
2026-02-07T21:00;-23.588333;-46.65889;20.1;22.6;98;0.2
2026-02-08T00:00;-23.588333;-46.65889;19.5;22.4;96;0.7
2026-02-08T03:00;-23.588333;-46.65889;19.4;21.9;96;1.1
2026-02-08T06:00;-23.588333;-46.65889;19.0;21.5;96;0.5
2026-02-08T09:00;-23.588333;-46.65889;22.0;25.4;86;0.0
2026-02-08T12:00;-23.588333;-46.65889;26.0;30.4;63;0.0
2026-02-08T15:00;-23.588333;-46.65889;22.9;23.9;72;0.5
2026-02-08T18:00;-23.588333;-46.65889;21.4;23.1;79;1.4
2026-02-08T21:00;-23.588333;-46.65889;20.4;22.8;89;0.1
2026-02-09T00:00;-23.588333;-46.65889;19.6;22.4;93;0.1
2026-02-09T03:00;-23.588333;-46.65889;19.5;22.3;96;0.0
2026-02-09T06:00;-23.588333;-46.65889;19.2;22.1;98;0.0
2026-02-09T09:00;-23.588333;-46.65889;21.7;24.3;84;0.3
2026-02-09T12:00;-23.588333;-46.65889;20.9;23.4;83;1.5
2026-02-09T15:00;-23.588333;-46.65889;21.8;24.3;82;2.6
2026-02-09T18:00;-23.588333;-46.65889;20.4;22.4;86;0.8
2026-02-09T21:00;-23.588333;-46.65889;19.7;22.0;95;0.2
2026-02-10T00:00;-23.588333;-46.65889;19.1;21.3;95;1.2
2026-02-10T03:00;-23.588333;-46.65889;19.1;21.8;96;0.0
2026-02-10T06:00;-23.588333;-46.65889;19.2;21.5;94;0.4
2026-02-10T09:00;-23.588333;-46.65889;20.4;22.2;88;0.2
2026-02-10T12:00;-23.588333;-46.65889;24.2;26.1;73;0.1
2026-02-10T15:00;-23.588333;-46.65889;24.2;26.2;73;0.1
2026-02-10T18:00;-23.588333;-46.65889;22.1;24.9;82;0.1
2026-02-10T21:00;-23.588333;-46.65889;22.0;25.2;87;0.0
2026-02-11T00:00;-23.588333;-46.65889;20.2;22.4;93;1.2
2026-02-11T03:00;-23.588333;-46.65889;20.2;22.2;92;2.1
2026-02-11T06:00;-23.588333;-46.65889;20.1;21.2;91;0.1
2026-02-11T09:00;-23.588333;-46.65889;21.5;22.5;88;0.3
2026-02-11T12:00;-23.588333;-46.65889;24.3;25.2;71;0.0
2026-02-11T15:00;-23.588333;-46.65889;26.1;27.0;60;0.0
2026-02-11T18:00;-23.588333;-46.65889;25.0;26.8;67;0.0
2026-02-11T21:00;-23.588333;-46.65889;22.8;25.4;83;0.3
2026-02-12T00:00;-23.588333;-46.65889;21.6;24.5;91;0.1
2026-02-12T03:00;-23.588333;-46.65889;21.0;23.1;90;0.2
2026-02-12T06:00;-23.588333;-46.65889;20.7;23.0;92;0.0
2026-02-12T09:00;-23.588333;-46.65889;25.0;26.9;72;0.0
2026-02-12T12:00;-23.588333;-46.65889;28.0;31.6;57;0.0
2026-02-12T15:00;-23.588333;-46.65889;29.0;32.1;52;0.1
2026-02-12T18:00;-23.588333;-46.65889;26.5;29.1;62;0.3
2026-02-12T21:00;-23.588333;-46.65889;25.1;29.2;79;0.0
2026-02-13T00:00;-23.588333;-46.65889;23.8;27.8;85;0.0
2026-02-13T03:00;-23.588333;-46.65889;22.1;25.7;91;0.0
2026-02-13T06:00;-23.588333;-46.65889;21.0;23.8;87;0.0
2026-02-13T09:00;-23.588333;-46.65889;27.4;29.8;59;0.0
2026-02-13T12:00;-23.588333;-46.65889;30.0;33.8;48;0.0
2026-02-13T15:00;-23.588333;-46.65889;30.6;33.3;46;0.0
2026-02-13T18:00;-23.588333;-46.65889;29.0;30.9;49;0.3
2026-02-13T21:00;-23.588333;-46.65889;26.0;28.4;66;0.0
2026-02-14T00:00;-23.588333;-46.65889;21.5;23.2;87;0.0
2026-02-14T03:00;-23.588333;-46.65889;21.7;24.8;87;0.0
2026-02-14T06:00;-23.588333;-46.65889;21.1;24.0;89;0.0
2026-02-14T09:00;-23.588333;-46.65889;23.7;26.1;78;0.0
2026-02-14T12:00;-23.588333;-46.65889;27.6;32.1;59;0.0
2026-02-14T15:00;-23.588333;-46.65889;26.9;29.7;62;0.0
2026-02-14T18:00;-23.588333;-46.65889;25.5;28.0;73;0.0
2026-02-14T21:00;-23.588333;-46.65889;22.2;25.3;90;0.0
2026-02-15T00:00;-23.588333;-46.65889;20.9;24.1;95;0.0
2026-02-15T03:00;-23.588333;-46.65889;20.3;23.4;96;0.0
2026-02-15T06:00;-23.588333;-46.65889;19.6;22.3;96;0.0
2026-02-15T09:00;-23.588333;-46.65889;24.0;26.9;74;0.0
2026-02-15T12:00;-23.588333;-46.65889;30.2;34.0;39;0.0
2026-02-15T15:00;-23.588333;-46.65889;31.2;31.9;36;0.0
2026-02-15T18:00;-23.588333;-46.65889;26.2;27.8;66;0.0
2026-02-15T21:00;-23.588333;-46.65889;22.5;25.1;83;0.0
2026-02-16T00:00;-23.588333;-46.65889;21.5;24.3;88;0.0
2026-02-16T03:00;-23.588333;-46.65889;20.4;23.6;94;0.0
2026-02-16T06:00;-23.588333;-46.65889;19.5;22.1;96;0.0
2026-02-16T09:00;-23.588333;-46.65889;25.1;28.0;66;0.0
2026-02-16T12:00;-23.588333;-46.65889;32.2;35.7;34;0.0
2026-02-16T15:00;-23.588333;-46.65889;33.4;35.4;27;0.0
2026-02-16T18:00;-23.588333;-46.65889;29.6;31.2;45;0.0
2026-02-16T21:00;-23.588333;-46.65889;26.7;30.2;69;0.0
2026-02-17T00:00;-23.588333;-46.65889;25.7;28.7;69;0.0
2026-02-17T03:00;-23.588333;-46.65889;23.7;27.3;80;0.0
2026-02-17T06:00;-23.588333;-46.65889;22.2;25.4;84;0.0
2026-02-17T09:00;-23.588333;-46.65889;28.5;29.6;49;0.0
2026-02-17T12:00;-23.588333;-46.65889;31.4;33.2;40;0.0
2026-02-17T15:00;-23.588333;-46.65889;30.0;30.8;41;0.0
2026-02-17T18:00;-23.588333;-46.65889;25.2;27.6;72;3.5
2026-02-17T21:00;-23.588333;-46.65889;25.0;27.6;67;0.0
2026-02-18T00:00;-23.588333;-46.65889;23.8;26.1;73;0.0
2026-02-18T03:00;-23.588333;-46.65889;22.2;24.7;84;0.0
2026-02-18T06:00;-23.588333;-46.65889;21.1;23.6;88;0.0
2026-02-18T09:00;-23.588333;-46.65889;24.9;27.4;72;0.0
2026-02-18T12:00;-23.588333;-46.65889;26.6;28.6;63;0.0
2026-02-18T15:00;-23.588333;-46.65889;27.7;30.6;60;0.1
2026-02-18T18:00;-23.588333;-46.65889;25.5;28.1;65;0.2
2026-02-18T21:00;-23.588333;-46.65889;23.0;26.5;88;0.0
2026-02-19T00:00;-23.588333;-46.65889;21.9;25.9;93;0.2
2026-02-19T03:00;-23.588333;-46.65889;20.8;23.9;94;0.1
2026-02-19T06:00;-23.588333;-46.65889;20.8;23.9;94;0.0
2026-02-19T09:00;-23.588333;-46.65889;24.0;27.0;78;0.0
2026-02-19T12:00;-23.588333;-46.65889;27.7;32.3;57;0.3
2026-02-19T15:00;-23.588333;-46.65889;24.9;27.0;73;0.4
2026-02-19T18:00;-23.588333;-46.65889;24.0;25.8;76;0.0
2026-02-19T21:00;-23.588333;-46.65889;21.8;24.5;87;0.0
2026-02-20T00:00;-23.588333;-46.65889;21.0;24.0;90;0.0
2026-02-20T03:00;-23.588333;-46.65889;20.3;23.1;95;0.0
2026-02-20T06:00;-23.588333;-46.65889;19.6;22.8;98;0.0
2026-02-20T09:00;-23.588333;-46.65889;23.4;26.2;78;0.0
2026-02-20T12:00;-23.588333;-46.65889;29.5;33.6;45;0.0
2026-02-20T15:00;-23.588333;-46.65889;31.9;33.6;31;0.0
2026-02-20T18:00;-23.588333;-46.65889;25.7;27.9;72;0.0
2026-02-20T21:00;-23.588333;-46.65889;23.4;26.4;83;0.0
2026-02-21T00:00;-23.588333;-46.65889;22.9;26.0;84;0.0
2026-02-21T03:00;-23.588333;-46.65889;22.5;25.4;86;0.0
2026-02-21T06:00;-23.588333;-46.65889;21.6;24.5;90;0.0
2026-02-21T09:00;-23.588333;-46.65889;25.2;27.8;69;0.0
2026-02-21T12:00;-23.588333;-46.65889;29.1;32.4;49;0.0
2026-02-21T15:00;-23.588333;-46.65889;25.8;27.1;64;0.8
2026-02-21T18:00;-23.588333;-46.65889;22.1;24.0;84;0.7
2026-02-21T21:00;-23.588333;-46.65889;21.6;23.5;87;0.0
2026-02-22T00:00;-23.588333;-46.65889;20.5;22.4;93;0.3
2026-02-22T03:00;-23.588333;-46.65889;20.1;22.6;93;0.0
2026-02-22T06:00;-23.588333;-46.65889;19.9;22.2;93;0.0
2026-02-22T09:00;-23.588333;-46.65889;22.5;24.6;79;0.1
2026-02-22T12:00;-23.588333;-46.65889;25.0;27.7;68;1.3
2026-02-22T15:00;-23.588333;-46.65889;24.7;26.6;72;1.6
2026-02-22T18:00;-23.588333;-46.65889;21.5;23.1;87;0.3
2026-02-22T21:00;-23.588333;-46.65889;20.9;23.2;93;0.0
2026-02-23T00:00;-23.588333;-46.65889;20.9;23.4;92;0.3
2026-02-23T03:00;-23.588333;-46.65889;20.1;22.5;95;0.0
2026-02-23T06:00;-23.588333;-46.65889;19.8;22.5;95;0.0
2026-02-23T09:00;-23.588333;-46.65889;21.0;24.6;94;0.0
2026-02-23T12:00;-23.588333;-46.65889;23.2;26.0;83;4.7
2026-02-23T15:00;-23.588333;-46.65889;23.5;26.2;84;0.2
2026-02-23T18:00;-23.588333;-46.65889;22.6;24.7;82;0.0
2026-02-23T21:00;-23.588333;-46.65889;20.9;23.6;93;0.0
2026-02-24T00:00;-23.588333;-46.65889;20.6;23.8;95;0.1
2026-02-24T03:00;-23.588333;-46.65889;20.9;23.9;93;0.1
2026-02-24T06:00;-23.588333;-46.65889;19.8;22.8;96;0.0
2026-02-24T09:00;-23.588333;-46.65889;23.4;25.6;76;0.0
2026-02-24T12:00;-23.588333;-46.65889;26.9;31.1;63;0.1
2026-02-24T15:00;-23.588333;-46.65889;23.3;26.7;79;2.2
2026-02-24T18:00;-23.588333;-46.65889;23.1;25.9;82;0.1
2026-02-24T21:00;-23.588333;-46.65889;21.4;25.0;95;0.0
2026-02-25T00:00;-23.588333;-46.65889;20.5;23.8;96;0.0
2026-02-25T03:00;-23.588333;-46.65889;21.2;24.9;96;0.0
2026-02-25T06:00;-23.588333;-46.65889;20.7;24.3;98;0.0
2026-02-25T09:00;-23.588333;-46.65889;24.1;26.7;79;0.1
2026-02-25T12:00;-23.588333;-46.65889;26.9;32.3;71;0.5
2026-02-25T15:00;-23.588333;-46.65889;26.7;30.2;68;0.3
2026-02-25T18:00;-23.588333;-46.65889;23.8;27.2;83;0.3
2026-02-25T21:00;-23.588333;-46.65889;21.5;24.4;93;1.3
2026-02-26T00:00;-23.588333;-46.65889;21.2;24.6;96;0.2
2026-02-26T03:00;-23.588333;-46.65889;20.6;23.9;93;0.1
2026-02-26T06:00;-23.588333;-46.65889;20.7;23.5;95;0.1
2026-02-26T09:00;-23.588333;-46.65889;21.8;24.4;90;0.1
2026-02-26T12:00;-23.588333;-46.65889;22.8;25.1;86;5.7
2026-02-26T15:00;-23.588333;-46.65889;22.1;22.9;86;0.0
2026-02-26T18:00;-23.588333;-46.65889;21.0;21.8;86;0.1
2026-02-26T21:00;-23.588333;-46.65889;20.3;22.1;93;0.3
2026-02-27T00:00;-23.588333;-46.65889;19.8;21.3;94;0.2
2026-02-27T03:00;-23.588333;-46.65889;19.2;20.9;95;0.1
2026-02-27T06:00;-23.588333;-46.65889;19.2;20.9;93;0.2
2026-02-27T09:00;-23.588333;-46.65889;20.8;21.5;80;0.0
2026-02-27T12:00;-23.588333;-46.65889;22.0;22.6;74;0.1
2026-02-27T15:00;-23.588333;-46.65889;21.3;22.2;79;0.3
2026-02-27T18:00;-23.588333;-46.65889;19.8;20.2;83;0.0
2026-02-27T21:00;-23.588333;-46.65889;18.6;19.9;88;0.0
2026-02-28T00:00;-23.588333;-46.65889;18.0;19.2;89;0.0
2026-02-28T03:00;-23.588333;-46.65889;17.2;18.2;90;0.0
2026-02-28T06:00;-23.588333;-46.65889;16.9;17.8;87;0.0
2026-02-28T09:00;-23.588333;-46.65889;20.0;20.2;73;0.0
2026-02-28T12:00;-23.588333;-46.65889;22.1;24.0;67;0.1
2026-02-28T15:00;-23.588333;-46.65889;22.9;22.2;55;0.0
2026-02-28T18:00;-23.588333;-46.65889;19.9;20.1;77;0.0
2026-02-28T21:00;-23.588333;-46.65889;18.0;19.0;90;0.0
2026-03-01T00:00;-23.588333;-46.65889;17.5;18.6;91;0.0
2026-03-01T03:00;-23.588333;-46.65889;17.0;18.1;92;0.1
2026-03-01T06:00;-23.588333;-46.65889;16.2;17.0;90;0.0
2026-03-01T09:00;-23.588333;-46.65889;19.5;19.1;70;0.0
2026-03-01T12:00;-23.588333;-46.65889;22.0;22.2;57;0.0
2026-03-01T15:00;-23.588333;-46.65889;22.2;22.3;57;0.0
2026-03-01T18:00;-23.588333;-46.65889;19.5;18.8;70;0.0
2026-03-01T21:00;-23.588333;-46.65889;17.6;18.4;83;0.0
2026-03-02T00:00;-23.588333;-46.65889;16.6;17.2;85;0.0
2026-03-02T03:00;-23.588333;-46.65889;15.4;16.4;94;0.0
2026-03-02T06:00;-23.588333;-46.65889;15.8;17.0;95;0.0
2026-03-02T09:00;-23.588333;-46.65889;19.4;20.0;78;0.0
2026-03-02T12:00;-23.588333;-46.65889;23.1;25.0;57;0.0
2026-03-02T15:00;-23.588333;-46.65889;22.4;22.5;64;0.0
2026-03-02T18:00;-23.588333;-46.65889;20.5;20.5;70;0.0
2026-03-02T21:00;-23.588333;-46.65889;17.9;18.7;86;0.0
2026-03-03T00:00;-23.588333;-46.65889;17.0;18.1;92;0.0
2026-03-03T03:00;-23.588333;-46.65889;16.4;17.9;98;0.0
2026-03-03T06:00;-23.588333;-46.65889;16.5;17.9;95;0.0
2026-03-03T09:00;-23.588333;-46.65889;20.3;21.0;74;0.1
2026-03-03T12:00;-23.588333;-46.65889;23.8;26.0;60;0.1
2026-03-03T15:00;-23.588333;-46.65889;25.5;27.1;51;0.0
2026-03-03T18:00;-23.588333;-46.65889;21.6;22.2;72;0.0
2026-03-03T21:00;-23.588333;-46.65889;18.6;19.9;88;0.0
2026-03-04T00:00;-23.588333;-46.65889;18.2;19.5;90;0.0
2026-03-04T03:00;-23.588333;-46.65889;16.9;18.8;96;0.0
2026-03-04T06:00;-23.588333;-46.65889;17.0;18.3;90;0.0
2026-03-04T09:00;-23.588333;-46.65889;21.0;21.7;71;0.0
2026-03-04T12:00;-23.588333;-46.65889;26.5;29.8;42;0.0
2026-03-04T15:00;-23.588333;-46.65889;25.4;27.0;57;0.0
2026-03-04T18:00;-23.588333;-46.65889;22.4;23.2;70;0.0
2026-03-04T21:00;-23.588333;-46.65889;19.8;21.2;83;0.0
2026-03-05T00:00;-23.588333;-46.65889;18.8;20.4;88;0.0
2026-03-05T03:00;-23.588333;-46.65889;18.7;20.4;89;0.0
2026-03-05T06:00;-23.588333;-46.65889;18.2;19.9;93;0.0
2026-03-05T09:00;-23.588333;-46.65889;21.6;23.5;75;0.0
2026-03-05T12:00;-23.588333;-46.65889;27.4;29.8;49;0.0
2026-03-05T15:00;-23.588333;-46.65889;27.6;29.6;49;0.3
2026-03-05T18:00;-23.588333;-46.65889;23.5;24.9;74;0.1
2026-03-05T21:00;-23.588333;-46.65889;21.8;23.6;83;0.0
2026-03-06T00:00;-23.588333;-46.65889;21.5;23.6;83;0.0
2026-03-06T03:00;-23.588333;-46.65889;20.5;23.0;92;0.0
2026-03-06T06:00;-23.588333;-46.65889;20.9;23.1;88;0.0
2026-03-06T09:00;-23.588333;-46.65889;23.8;26.2;74;0.0
2026-03-06T12:00;-23.588333;-46.65889;27.0;29.1;59;0.1
2026-03-06T15:00;-23.588333;-46.65889;24.5;27.1;73;1.8
2026-03-06T18:00;-23.588333;-46.65889;24.6;27.4;72;0.1
2026-03-06T21:00;-23.588333;-46.65889;21.8;25.2;93;0.0
2026-03-07T00:00;-23.588333;-46.65889;21.8;25.1;93;0.0
2026-03-07T03:00;-23.588333;-46.65889;21.4;25.1;96;0.0
2026-03-07T06:00;-23.588333;-46.65889;20.5;24.0;97;0.0
2026-03-07T09:00;-23.588333;-46.65889;21.6;24.4;88;0.0
2026-03-07T12:00;-23.588333;-46.65889;27.3;31.4;66;0.3
2026-03-07T15:00;-23.588333;-46.65889;24.8;27.7;77;3.6
2026-03-07T18:00;-23.588333;-46.65889;20.9;23.1;93;12.0
2026-03-07T21:00;-23.588333;-46.65889;20.0;22.1;90;0.0
2026-03-08T00:00;-23.588333;-46.65889;20.5;22.6;89;0.0
2026-03-08T03:00;-23.588333;-46.65889;19.8;21.2;90;0.0
2026-03-08T06:00;-23.588333;-46.65889;19.2;20.2;87;0.0
2026-03-08T09:00;-23.588333;-46.65889;23.2;25.3;74;0.0
2026-03-08T12:00;-23.588333;-46.65889;27.0;30.1;64;0.1
2026-03-08T15:00;-23.588333;-46.65889;25.0;28.1;73;0.1
2026-03-08T18:00;-23.588333;-46.65889;22.1;24.1;85;0.1
2026-03-08T21:00;-23.588333;-46.65889;20.9;23.1;93;0.0
2026-03-09T00:00;-23.588333;-46.65889;20.5;22.7;92;0.0
2026-03-09T03:00;-23.588333;-46.65889;19.8;22.0;93;0.0
2026-03-09T06:00;-23.588333;-46.65889;19.2;21.6;95;0.0
2026-03-09T09:00;-23.588333;-46.65889;20.0;23.3;94;0.1
2026-03-09T12:00;-23.588333;-46.65889;22.2;24.8;83;0.7
2026-03-09T15:00;-23.588333;-46.65889;21.3;23.1;84;0.4
2026-03-09T18:00;-23.588333;-46.65889;19.9;21.1;87;0.0
2026-03-09T21:00;-23.588333;-46.65889;18.7;20.3;94;0.2
2026-03-10T00:00;-23.588333;-46.65889;18.6;20.4;94;0.2
2026-03-10T03:00;-23.588333;-46.65889;18.5;20.5;95;0.4
2026-03-10T06:00;-23.588333;-46.65889;18.5;20.6;96;0.2
2026-03-10T09:00;-23.588333;-46.65889;19.6;22.1;92;1.1
2026-03-10T12:00;-23.588333;-46.65889;20.3;23.2;93;1.8
2026-03-10T15:00;-23.588333;-46.65889;20.0;22.5;92;0.8
2026-03-10T18:00;-23.588333;-46.65889;20.4;22.6;90;0.3
2026-03-10T21:00;-23.588333;-46.65889;19.3;21.7;96;0.1
2026-03-11T00:00;-23.588333;-46.65889;19.1;21.6;98;1.1
2026-03-11T03:00;-23.588333;-46.65889;19.0;21.5;97;1.4
2026-03-11T06:00;-23.588333;-46.65889;18.9;21.2;96;0.1
2026-03-11T09:00;-23.588333;-46.65889;19.5;22.2;96;1.1
2026-03-11T12:00;-23.588333;-46.65889;21.0;23.6;87;1.4
2026-03-11T15:00;-23.588333;-46.65889;22.4;24.7;82;0.1
2026-03-11T18:00;-23.588333;-46.65889;20.6;23.0;91;0.8
2026-03-11T21:00;-23.588333;-46.65889;19.9;22.1;94;0.1
2026-03-12T00:00;-23.588333;-46.65889;19.5;22.0;97;1.5
2026-03-12T03:00;-23.588333;-46.65889;19.4;21.4;95;3.0
2026-03-12T06:00;-23.588333;-46.65889;19.0;21.0;96;1.9
2026-03-12T09:00;-23.588333;-46.65889;19.7;21.6;93;2.0
2026-03-12T12:00;-23.588333;-46.65889;21.1;22.8;86;1.1
2026-03-12T15:00;-23.588333;-46.65889;21.9;23.1;82;0.3
2026-03-12T18:00;-23.588333;-46.65889;21.1;22.9;86;0.1
2026-03-12T21:00;-23.588333;-46.65889;19.4;21.1;97;0.0
2026-03-13T00:00;-23.588333;-46.65889;18.3;20.2;96;2.5
2026-03-13T03:00;-23.588333;-46.65889;18.0;20.0;97;0.1
2026-03-13T06:00;-23.588333;-46.65889;18.4;20.6;97;0.0
2026-03-13T09:00;-23.588333;-46.65889;21.2;23.4;81;0.1
2026-03-13T12:00;-23.588333;-46.65889;22.8;25.0;76;0.2
2026-03-13T15:00;-23.588333;-46.65889;22.9;24.4;74;0.1
2026-03-13T18:00;-23.588333;-46.65889;21.8;23.6;79;0.1
2026-03-13T21:00;-23.588333;-46.65889;19.5;21.5;90;0.0
2026-03-14T00:00;-23.588333;-46.65889;18.2;20.8;97;0.0
2026-03-14T03:00;-23.588333;-46.65889;17.2;19.3;99;0.0
2026-03-14T06:00;-23.588333;-46.65889;16.5;18.6;99;0.0
2026-03-14T09:00;-23.588333;-46.65889;18.4;20.7;92;0.0
2026-03-14T12:00;-23.588333;-46.65889;25.2;30.0;56;0.0
2026-03-14T15:00;-23.588333;-46.65889;27.1;28.8;46;0.0
2026-03-14T18:00;-23.588333;-46.65889;23.5;25.6;75;0.0
2026-03-14T21:00;-23.588333;-46.65889;21.0;24.4;91;0.0
2026-03-15T00:00;-23.588333;-46.65889;21.0;22.7;81;0.0
2026-03-15T03:00;-23.588333;-46.65889;19.5;22.1;90;0.0
2026-03-15T06:00;-23.588333;-46.65889;18.6;20.7;95;0.0
2026-03-15T09:00;-23.588333;-46.65889;22.9;25.6;77;0.0
2026-03-15T12:00;-23.588333;-46.65889;27.7;31.7;55;0.0
2026-03-15T15:00;-23.588333;-46.65889;25.5;26.7;60;0.3
2026-03-15T18:00;-23.588333;-46.65889;26.0;28.1;59;0.0
2026-03-15T21:00;-23.588333;-46.65889;24.2;26.9;73;0.0
2026-03-16T00:00;-23.588333;-46.65889;22.5;24.8;81;0.0
2026-03-16T03:00;-23.588333;-46.65889;20.0;22.9;90;0.0
2026-03-16T06:00;-23.588333;-46.65889;18.1;20.6;99;0.0
2026-03-16T09:00;-23.588333;-46.65889;23.8;27.1;76;0.0
2026-03-16T12:00;-23.588333;-46.65889;29.6;32.4;36;0.0
2026-03-16T15:00;-23.588333;-46.65889;30.7;31.6;34;0.0
2026-03-16T18:00;-23.588333;-46.65889;25.9;26.8;58;0.0
2026-03-16T21:00;-23.588333;-46.65889;22.0;24.7;84;0.0
2026-03-17T00:00;-23.588333;-46.65889;20.5;23.2;91;0.0
2026-03-17T03:00;-23.588333;-46.65889;19.1;21.5;94;0.0
2026-03-17T06:00;-23.588333;-46.65889;18.1;19.5;90;0.0
2026-03-17T09:00;-23.588333;-46.65889;23.4;24.9;63;0.0
2026-03-17T12:00;-23.588333;-46.65889;30.1;33.2;36;0.0
2026-03-17T15:00;-23.588333;-46.65889;31.1;31.7;33;0.0
2026-03-17T18:00;-23.588333;-46.65889;25.3;27.7;72;0.0
2026-03-17T21:00;-23.588333;-46.65889;22.2;25.1;82;0.0
2026-03-18T00:00;-23.588333;-46.65889;21.6;24.3;82;0.0
2026-03-18T03:00;-23.588333;-46.65889;20.4;23.3;89;0.0
2026-03-18T06:00;-23.588333;-46.65889;19.8;22.4;92;0.0
2026-03-18T09:00;-23.588333;-46.65889;24.7;27.5;68;0.0
2026-03-18T12:00;-23.588333;-46.65889;29.1;31.0;46;0.1
2026-03-18T15:00;-23.588333;-46.65889;25.4;26.5;67;0.3
2026-03-18T18:00;-23.588333;-46.65889;24.5;26.8;72;0.0
2026-03-18T21:00;-23.588333;-46.65889;22.8;25.7;85;0.0
2026-03-19T00:00;-23.588333;-46.65889;22.0;25.1;85;0.0
2026-03-19T03:00;-23.588333;-46.65889;21.9;25.2;88;0.0
2026-03-19T06:00;-23.588333;-46.65889;21.6;24.6;88;0.0
2026-03-19T09:00;-23.588333;-46.65889;22.7;26.1;82;0.0
2026-03-19T12:00;-23.588333;-46.65889;25.0;27.3;69;0.2
2026-03-19T15:00;-23.588333;-46.65889;26.1;28.1;58;1.4
2026-03-19T18:00;-23.588333;-46.65889;22.0;24.3;82;0.4
2026-03-19T21:00;-23.588333;-46.65889;20.9;23.4;90;0.0
2026-03-20T00:00;-23.588333;-46.65889;19.7;22.1;92;0.0
2026-03-20T03:00;-23.588333;-46.65889;18.8;21.3;95;0.0
2026-03-20T06:00;-23.588333;-46.65889;18.6;20.9;92;0.0
2026-03-20T09:00;-23.588333;-46.65889;22.2;24.4;78;0.0
2026-03-20T12:00;-23.588333;-46.65889;25.0;28.4;67;0.1
2026-03-20T15:00;-23.588333;-46.65889;25.0;26.7;60;0.0
2026-03-20T18:00;-23.588333;-46.65889;22.1;23.4;76;0.0
2026-03-20T21:00;-23.588333;-46.65889;20.4;22.6;90;0.0
2026-03-21T00:00;-23.588333;-46.65889;19.6;22.1;93;0.0
2026-03-21T03:00;-23.588333;-46.65889;19.1;21.8;96;0.0
2026-03-21T06:00;-23.588333;-46.65889;18.9;21.1;94;0.0
2026-03-21T09:00;-23.588333;-46.65889;21.9;24.5;80;0.0
2026-03-21T12:00;-23.588333;-46.65889;27.1;31.7;58;0.1
2026-03-21T15:00;-23.588333;-46.65889;29.0;30.7;42;0.0
2026-03-21T18:00;-23.588333;-46.65889;24.0;26.2;77;0.0
2026-03-21T21:00;-23.588333;-46.65889;21.3;24.2;88;0.0
2026-03-22T00:00;-23.588333;-46.65889;20.5;22.6;89;0.0
2026-03-22T03:00;-23.588333;-46.65889;19.2;21.8;95;0.0
2026-03-22T06:00;-23.588333;-46.65889;17.8;20.2;99;0.0
2026-03-22T09:00;-23.588333;-46.65889;20.2;23.1;88;0.0
2026-03-22T12:00;-23.588333;-46.65889;27.6;29.6;41;0.0
2026-03-22T15:00;-23.588333;-46.65889;29.6;31.3;40;0.0
2026-03-22T18:00;-23.588333;-46.65889;25.8;25.8;51;0.0
2026-03-22T21:00;-23.588333;-46.65889;23.4;25.9;71;0.0
2026-03-23T00:00;-23.588333;-46.65889;22.2;23.8;68;0.0
2026-03-23T03:00;-23.588333;-46.65889;20.9;22.1;73;0.0
2026-03-23T06:00;-23.588333;-46.65889;19.5;20.8;78;0.0
2026-03-23T09:00;-23.588333;-46.65889;22.8;24.1;66;0.0
2026-03-23T12:00;-23.588333;-46.65889;27.0;29.2;41;0.0
2026-03-23T15:00;-23.588333;-46.65889;29.0;29.3;37;0.0
2026-03-23T18:00;-23.588333;-46.65889;23.2;24.0;69;0.0
2026-03-23T21:00;-23.588333;-46.65889;21.0;22.9;83;0.0
2026-03-24T00:00;-23.588333;-46.65889;20.2;22.1;85;0.0
2026-03-24T03:00;-23.588333;-46.65889;18.9;20.7;90;0.0
2026-03-24T06:00;-23.588333;-46.65889;17.8;19.3;94;0.0
2026-03-24T09:00;-23.588333;-46.65889;22.1;23.5;69;0.0
2026-03-24T12:00;-23.588333;-46.65889;28.5;31.3;40;0.0
2026-03-24T15:00;-23.588333;-46.65889;31.4;31.1;27;0.0
2026-03-24T18:00;-23.588333;-46.65889;24.0;25.3;71;0.0
2026-03-24T21:00;-23.588333;-46.65889;22.2;24.0;74;0.0
2026-03-25T00:00;-23.588333;-46.65889;21.5;23.7;76;0.0
2026-03-25T03:00;-23.588333;-46.65889;20.7;23.5;84;0.0
2026-03-25T06:00;-23.588333;-46.65889;20.5;22.8;84;0.0
2026-03-25T09:00;-23.588333;-46.65889;25.1;26.5;57;0.0
2026-03-25T12:00;-23.588333;-46.65889;28.9;31.0;46;0.0
2026-03-25T15:00;-23.588333;-46.65889;28.4;29.8;41;0.1
2026-03-25T18:00;-23.588333;-46.65889;25.0;26.7;65;0.0
2026-03-25T21:00;-23.588333;-46.65889;21.8;24.0;84;0.0
2026-03-26T00:00;-23.588333;-46.65889;22.4;25.2;80;0.0
2026-03-26T03:00;-23.588333;-46.65889;21.5;24.9;89;0.0
2026-03-26T06:00;-23.588333;-46.65889;20.8;23.9;91;0.0
2026-03-26T09:00;-23.588333;-46.65889;24.9;27.5;66;0.0
2026-03-26T12:00;-23.588333;-46.65889;29.0;32.4;47;0.1
2026-03-26T15:00;-23.588333;-46.65889;23.8;25.7;77;1.0
2026-03-26T18:00;-23.588333;-46.65889;25.5;27.7;66;0.1
2026-03-26T21:00;-23.588333;-46.65889;22.9;25.9;82;0.0
2026-03-27T00:00;-23.588333;-46.65889;22.0;25.1;86;0.0
2026-03-27T03:00;-23.588333;-46.65889;21.0;23.7;89;0.0
2026-03-27T06:00;-23.588333;-46.65889;20.0;22.5;91;0.0
2026-03-27T09:00;-23.588333;-46.65889;23.1;25.8;77;0.0
2026-03-27T12:00;-23.588333;-46.65889;28.8;31.1;38;0.0
2026-03-27T15:00;-23.588333;-46.65889;29.8;30.7;40;0.0
2026-03-27T18:00;-23.588333;-46.65889;24.2;25.6;68;0.0
2026-03-27T21:00;-23.588333;-46.65889;21.5;24.3;88;0.0
2026-03-28T00:00;-23.588333;-46.65889;20.6;22.6;83;0.0
2026-03-28T03:00;-23.588333;-46.65889;20.0;21.3;81;0.0
2026-03-28T06:00;-23.588333;-46.65889;18.8;20.0;87;0.0
2026-03-28T09:00;-23.588333;-46.65889;22.8;24.3;71;0.0
2026-03-28T12:00;-23.588333;-46.65889;28.2;30.8;41;0.0
2026-03-28T15:00;-23.588333;-46.65889;30.2;31.3;35;0.0
2026-03-28T18:00;-23.588333;-46.65889;23.5;25.3;75;0.0
2026-03-28T21:00;-23.588333;-46.65889;21.5;23.4;83;0.0
2026-03-29T00:00;-23.588333;-46.65889;20.5;22.5;85;0.0
2026-03-29T03:00;-23.588333;-46.65889;19.5;21.6;91;0.0
2026-03-29T06:00;-23.588333;-46.65889;18.9;20.8;93;0.0
2026-03-29T09:00;-23.588333;-46.65889;22.7;24.8;74;0.0
2026-03-29T12:00;-23.588333;-46.65889;29.2;31.1;32;0.0
2026-03-29T15:00;-23.588333;-46.65889;29.8;30.0;37;0.0
2026-03-29T18:00;-23.588333;-46.65889;25.0;26.8;67;0.0
2026-03-29T21:00;-23.588333;-46.65889;21.5;23.2;76;0.0
2026-03-30T00:00;-23.588333;-46.65889;20.6;22.8;82;0.0
2026-03-30T03:00;-23.588333;-46.65889;19.2;21.6;88;0.0
2026-03-30T06:00;-23.588333;-46.65889;18.6;20.0;83;0.0
2026-03-30T09:00;-23.588333;-46.65889;21.6;23.9;77;0.0
2026-03-30T12:00;-23.588333;-46.65889;27.6;31.3;48;0.0
2026-03-30T15:00;-23.588333;-46.65889;25.3;26.7;64;0.1
2026-03-30T18:00;-23.588333;-46.65889;21.6;22.5;72;0.0
2026-03-30T21:00;-23.588333;-46.65889;20.8;22.5;78;0.0
2026-03-31T00:00;-23.588333;-46.65889;20.4;21.4;73;0.0
2026-03-31T03:00;-23.588333;-46.65889;20.0;21.3;72;0.0
2026-03-31T06:00;-23.588333;-46.65889;19.0;21.4;93;1.9
2026-03-31T09:00;-23.588333;-46.65889;20.5;22.3;84;0.3
2026-03-31T12:00;-23.588333;-46.65889;23.8;27.3;65;0.1
2026-03-31T15:00;-23.588333;-46.65889;21.8;22.7;73;0.1
2026-03-31T18:00;-23.588333;-46.65889;20.0;21.3;84;0.0
2026-03-31T21:00;-23.588333;-46.65889;18.3;20.5;95;0.1
2026-04-01T00:00;-23.588333;-46.65889;18.0;20.1;96;0.3
2026-04-01T03:00;-23.588333;-46.65889;17.9;20.1;98;0.0
2026-04-01T06:00;-23.588333;-46.65889;17.5;19.8;99;0.0
2026-04-01T09:00;-23.588333;-46.65889;20.4;22.3;84;0.0
2026-04-01T12:00;-23.588333;-46.65889;25.0;28.2;63;0.1
2026-04-01T15:00;-23.588333;-46.65889;25.0;26.6;59;2.6
2026-04-01T18:00;-23.588333;-46.65889;20.6;22.9;87;0.0
2026-04-01T21:00;-23.588333;-46.65889;20.5;23.3;93;0.0
2026-04-02T00:00;-23.588333;-46.65889;20.6;23.3;89;0.0
2026-04-02T03:00;-23.588333;-46.65889;20.4;22.9;87;0.0
2026-04-02T06:00;-23.588333;-46.65889;18.7;20.7;92;0.0
2026-04-02T09:00;-23.588333;-46.65889;22.9;25.7;81;0.0
2026-04-02T12:00;-23.588333;-46.65889;26.6;29.9;63;0.2
2026-04-02T15:00;-23.588333;-46.65889;23.8;26.0;70;0.1
2026-04-02T18:00;-23.588333;-46.65889;21.3;23.6;82;0.4
2026-04-02T21:00;-23.588333;-46.65889;21.5;24.1;83;0.0
2026-04-03T00:00;-23.588333;-46.65889;20.2;22.3;89;0.0
2026-04-03T03:00;-23.588333;-46.65889;19.5;22.1;92;0.0
2026-04-03T06:00;-23.588333;-46.65889;19.0;20.6;87;0.0
2026-04-03T09:00;-23.588333;-46.65889;23.2;25.5;77;0.0
2026-04-03T12:00;-23.588333;-46.65889;26.9;30.4;62;0.0
2026-04-03T15:00;-23.588333;-46.65889;28.0;29.9;53;0.0
2026-04-03T18:00;-23.588333;-46.65889;22.7;24.5;76;0.2
2026-04-03T21:00;-23.588333;-46.65889;21.4;23.6;86;0.0
2026-04-04T00:00;-23.588333;-46.65889;21.0;23.9;88;0.1
2026-04-04T03:00;-23.588333;-46.65889;20.0;22.3;90;0.0
2026-04-04T06:00;-23.588333;-46.65889;19.1;21.4;95;0.0
2026-04-04T09:00;-23.588333;-46.65889;23.0;26.0;80;0.0
2026-04-04T12:00;-23.588333;-46.65889;27.2;32.3;65;0.0
2026-04-04T15:00;-23.588333;-46.65889;24.0;27.0;78;0.4
2026-04-04T18:00;-23.588333;-46.65889;24.1;26.8;72;0.0
2026-04-04T21:00;-23.588333;-46.65889;22.4;25.3;83;0.0
2026-04-05T00:00;-23.588333;-46.65889;19.9;22.1;89;0.0
2026-04-05T03:00;-23.588333;-46.65889;19.4;22.0;94;0.0
2026-04-05T06:00;-23.588333;-46.65889;18.0;20.5;98;0.0
2026-04-05T09:00;-23.588333;-46.65889;21.9;25.4;86;0.0
2026-04-05T12:00;-23.588333;-46.65889;26.5;30.1;57;0.0
2026-04-05T15:00;-23.588333;-46.65889;25.5;27.4;64;0.8
2026-04-05T18:00;-23.588333;-46.65889;22.3;24.1;81;0.0
2026-04-05T21:00;-23.588333;-46.65889;20.6;23.3;91;0.0
2026-04-06T00:00;-23.588333;-46.65889;19.8;22.4;95;0.0
2026-04-06T03:00;-23.588333;-46.65889;20.1;22.7;94;0.0
2026-04-06T06:00;-23.588333;-46.65889;19.1;21.6;98;0.0
2026-04-06T09:00;-23.588333;-46.65889;21.4;23.4;85;0.0
2026-04-06T12:00;-23.588333;-46.65889;26.5;30.1;59;0.0
2026-04-06T15:00;-23.588333;-46.65889;26.8;27.9;56;0.1
2026-04-06T18:00;-23.588333;-46.65889;23.0;25.5;81;0.0
2026-04-06T21:00;-23.588333;-46.65889;21.4;24.4;93;0.0
2026-04-07T00:00;-23.588333;-46.65889;21.0;24.3;93;0.0
2026-04-07T03:00;-23.588333;-46.65889;20.4;22.9;93;0.0
2026-04-07T06:00;-23.588333;-46.65889;19.8;22.1;93;0.1
2026-04-07T09:00;-23.588333;-46.65889;23.2;26.2;79;0.1
2026-04-07T12:00;-23.588333;-46.65889;27.3;31.2;60;0.1
2026-04-07T15:00;-23.588333;-46.65889;22.7;26.0;83;5.8
2026-04-07T18:00;-23.588333;-46.65889;22.3;24.9;85;0.1
2026-04-07T21:00;-23.588333;-46.65889;22.3;25.0;83;0.0
2026-04-08T00:00;-23.588333;-46.65889;22.4;24.3;82;0.0
2026-04-08T03:00;-23.588333;-46.65889;21.8;23.8;85;0.0
2026-04-08T06:00;-23.588333;-46.65889;20.6;21.9;89;0.0
2026-04-08T09:00;-23.588333;-46.65889;23.0;24.2;78;0.0
2026-04-08T12:00;-23.588333;-46.65889;23.5;24.3;71;0.3
2026-04-08T15:00;-23.588333;-46.65889;24.2;25.1;65;0.0
2026-04-08T18:00;-23.588333;-46.65889;24.1;25.5;70;0.0
2026-04-08T21:00;-23.588333;-46.65889;22.0;23.7;83;0.0
2026-04-09T00:00;-23.588333;-46.65889;19.0;20.4;92;7.7
2026-04-09T03:00;-23.588333;-46.65889;19.4;21.1;94;0.0
2026-04-09T06:00;-23.588333;-46.65889;19.8;21.8;92;0.0
2026-04-09T09:00;-23.588333;-46.65889;22.2;24.6;83;0.0
2026-04-09T12:00;-23.588333;-46.65889;24.4;27.6;72;0.3
2026-04-09T15:00;-23.588333;-46.65889;24.4;25.7;67;0.3
2026-04-09T18:00;-23.588333;-46.65889;20.9;22.5;84;0.0
2026-04-09T21:00;-23.588333;-46.65889;19.5;20.5;85;0.0
2026-04-10T00:00;-23.588333;-46.65889;18.8;20.3;89;0.0
2026-04-10T03:00;-23.588333;-46.65889;17.9;19.2;93;0.0
2026-04-10T06:00;-23.588333;-46.65889;17.5;18.7;92;0.0
2026-04-10T09:00;-23.588333;-46.65889;19.5;20.1;79;0.0
2026-04-10T12:00;-23.588333;-46.65889;21.6;22.6;66;0.0
2026-04-10T15:00;-23.588333;-46.65889;18.7;19.0;83;0.0
2026-04-10T18:00;-23.588333;-46.65889;18.1;18.7;85;0.0
2026-04-10T21:00;-23.588333;-46.65889;17.5;18.1;87;0.0
2026-04-11T00:00;-23.588333;-46.65889;16.9;17.1;85;0.0
2026-04-11T03:00;-23.588333;-46.65889;15.9;16.2;88;0.0
2026-04-11T06:00;-23.588333;-46.65889;15.7;15.6;88;0.0
2026-04-11T09:00;-23.588333;-46.65889;19.5;19.5;72;0.0
2026-04-11T12:00;-23.588333;-46.65889;24.4;25.3;50;0.0
2026-04-11T15:00;-23.588333;-46.65889;23.1;22.9;60;0.0
2026-04-11T18:00;-23.588333;-46.65889;19.5;19.6;79;0.0
2026-04-11T21:00;-23.588333;-46.65889;17.3;18.2;92;0.0
2026-04-12T00:00;-23.588333;-46.65889;16.8;17.5;92;0.0
2026-04-12T03:00;-23.588333;-46.65889;16.0;16.5;89;0.0
2026-04-12T06:00;-23.588333;-46.65889;15.0;14.9;92;0.0
2026-04-12T09:00;-23.588333;-46.65889;18.8;19.7;81;0.0
2026-04-12T12:00;-23.588333;-46.65889;24.4;26.6;52;0.0
2026-04-12T15:00;-23.588333;-46.65889;26.4;26.5;39;0.0
2026-04-12T18:00;-23.588333;-46.65889;21.0;22.1;80;0.0
2026-04-12T21:00;-23.588333;-46.65889;18.8;20.8;93;0.0
2026-04-13T00:00;-23.588333;-46.65889;18.3;20.2;92;0.0
2026-04-13T03:00;-23.588333;-46.65889;17.7;19.3;94;0.0
2026-04-13T06:00;-23.588333;-46.65889;17.2;18.7;94;0.0
2026-04-13T09:00;-23.588333;-46.65889;19.7;21.1;80;0.0
2026-04-13T12:00;-23.588333;-46.65889;25.6;28.3;50;0.1
2026-04-13T15:00;-23.588333;-46.65889;28.0;27.8;34;0.0
2026-04-13T18:00;-23.588333;-46.65889;22.5;24.1;74;0.0
2026-04-13T21:00;-23.588333;-46.65889;20.0;21.8;85;0.0
2026-04-14T00:00;-23.588333;-46.65889;19.2;21.1;87;0.0
2026-04-14T03:00;-23.588333;-46.65889;17.6;19.4;94;0.0
2026-04-14T06:00;-23.588333;-46.65889;16.9;18.2;96;0.0
2026-04-14T09:00;-23.588333;-46.65889;20.6;21.2;72;0.0
2026-04-14T12:00;-23.588333;-46.65889;25.6;27.1;42;0.0
2026-04-14T15:00;-23.588333;-46.65889;26.4;26.2;43;0.0
2026-04-14T18:00;-23.588333;-46.65889;20.3;20.2;71;0.0
2026-04-14T21:00;-23.588333;-46.65889;18.5;19.5;85;0.0
2026-04-15T00:00;-23.588333;-46.65889;17.2;18.2;89;0.0
2026-04-15T03:00;-23.588333;-46.65889;16.0;16.7;88;0.0
2026-04-15T06:00;-23.588333;-46.65889;16.0;16.3;85;0.0
2026-04-15T09:00;-23.588333;-46.65889;20.0;20.4;69;0.0
2026-04-15T12:00;-23.588333;-46.65889;25.8;26.5;37;0.0
2026-04-15T15:00;-23.588333;-46.65889;27.5;27.2;33;0.0
2026-04-15T18:00;-23.588333;-46.65889;21.8;22.6;75;0.0
2026-04-15T21:00;-23.588333;-46.65889;19.4;20.5;86;0.0
2026-04-16T00:00;-23.588333;-46.65889;18.5;19.6;87;0.0
2026-04-16T03:00;-23.588333;-46.65889;17.2;18.5;91;0.0
2026-04-16T06:00;-23.588333;-46.65889;16.0;16.7;95;0.0
2026-04-16T09:00;-23.588333;-46.65889;19.7;20.5;75;0.0
2026-04-16T12:00;-23.588333;-46.65889;26.2;28.6;42;0.0
2026-04-16T15:00;-23.588333;-46.65889;28.1;28.1;34;0.0
2026-04-16T18:00;-23.588333;-46.65889;22.7;23.9;74;0.0
2026-04-16T21:00;-23.588333;-46.65889;20.7;23.2;86;0.0
2026-04-17T00:00;-23.588333;-46.65889;19.8;22.5;90;0.0
2026-04-17T03:00;-23.588333;-46.65889;18.9;21.4;94;0.0
2026-04-17T06:00;-23.588333;-46.65889;17.2;19.2;97;0.0
2026-04-17T09:00;-23.588333;-46.65889;22.6;23.3;56;0.0
2026-04-17T12:00;-23.588333;-46.65889;28.5;29.4;34;0.0
2026-04-17T15:00;-23.588333;-46.65889;29.4;28.9;33;0.0
2026-04-17T18:00;-23.588333;-46.65889;27.8;27.5;38;0.0
2026-04-17T21:00;-23.588333;-46.65889;25.9;26.7;47;0.0
2026-04-18T00:00;-23.588333;-46.65889;23.9;24.2;55;0.0
2026-04-18T03:00;-23.588333;-46.65889;21.9;22.5;64;0.0
2026-04-18T06:00;-23.588333;-46.65889;20.5;20.8;67;0.0
2026-04-18T09:00;-23.588333;-46.65889;24.4;24.7;57;0.0
2026-04-18T12:00;-23.588333;-46.65889;26.5;27.6;54;0.1
2026-04-18T15:00;-23.588333;-46.65889;28.2;28.0;44;0.0
2026-04-18T18:00;-23.588333;-46.65889;24.3;25.7;63;0.0
2026-04-18T21:00;-23.588333;-46.65889;23.2;25.8;72;0.0
2026-04-19T00:00;-23.588333;-46.65889;21.8;23.9;79;0.0
2026-04-19T03:00;-23.588333;-46.65889;19.3;21.7;93;0.0
2026-04-19T06:00;-23.588333;-46.65889;18.2;20.4;96;0.0
2026-04-19T09:00;-23.588333;-46.65889;21.3;22.2;65;0.0
2026-04-19T12:00;-23.588333;-46.65889;27.0;28.1;34;0.0
2026-04-19T15:00;-23.588333;-46.65889;28.2;27.6;35;0.0
2026-04-19T18:00;-23.588333;-46.65889;22.2;23.0;71;0.0
2026-04-19T21:00;-23.588333;-46.65889;19.8;21.0;85;0.0
2026-04-20T00:00;-23.588333;-46.65889;19.5;20.3;80;0.0
2026-04-20T03:00;-23.588333;-46.65889;17.8;18.8;86;0.0
2026-04-20T06:00;-23.588333;-46.65889;16.9;17.9;90;0.0
2026-04-20T09:00;-23.588333;-46.65889;19.4;20.0;72;0.0
2026-04-20T12:00;-23.588333;-46.65889;25.3;26.3;37;0.0
2026-04-20T15:00;-23.588333;-46.65889;25.0;24.6;44;0.0
2026-04-20T18:00;-23.588333;-46.65889;20.9;20.5;63;0.0
2026-04-20T21:00;-23.588333;-46.65889;18.0;18.2;82;0.0
2026-04-21T00:00;-23.588333;-46.65889;17.3;17.9;87;0.0
2026-04-21T03:00;-23.588333;-46.65889;16.2;16.7;89;0.0
2026-04-21T06:00;-23.588333;-46.65889;15.1;15.4;92;0.0
2026-04-21T09:00;-23.588333;-46.65889;18.5;18.8;73;0.0
2026-04-21T12:00;-23.588333;-46.65889;24.6;25.9;44;0.0
2026-04-21T15:00;-23.588333;-46.65889;25.6;25.5;45;0.0
2026-04-21T18:00;-23.588333;-46.65889;20.9;20.8;70;0.0
2026-04-21T21:00;-23.588333;-46.65889;17.9;18.4;81;0.0
2026-04-22T00:00;-23.588333;-46.65889;17.6;18.0;83;0.0
2026-04-22T03:00;-23.588333;-46.65889;17.4;17.7;80;0.0
2026-04-22T06:00;-23.588333;-46.65889;16.5;17.1;86;0.0
2026-04-22T09:00;-23.588333;-46.65889;19.8;20.1;71;0.0
2026-04-22T12:00;-23.588333;-46.65889;25.2;27.6;46;0.0
2026-04-22T15:00;-23.588333;-46.65889;27.0;26.7;39;0.0
2026-04-22T18:00;-23.588333;-46.65889;21.5;22.2;75;0.0
2026-04-22T21:00;-23.588333;-46.65889;19.1;19.9;80;0.0
2026-04-23T00:00;-23.588333;-46.65889;18.1;18.9;83;0.0
2026-04-23T03:00;-23.588333;-46.65889;17.5;18.7;91;0.0
2026-04-23T06:00;-23.588333;-46.65889;17.4;18.1;88;0.0
2026-04-23T09:00;-23.588333;-46.65889;19.0;19.8;85;0.0
2026-04-23T12:00;-23.588333;-46.65889;25.0;26.7;48;0.0
2026-04-23T15:00;-23.588333;-46.65889;26.4;26.2;45;0.0
2026-04-23T18:00;-23.588333;-46.65889;21.8;22.2;73;0.0
2026-04-23T21:00;-23.588333;-46.65889;19.5;20.4;83;0.0
2026-04-24T00:00;-23.588333;-46.65889;18.2;19.3;87;0.0
2026-04-24T03:00;-23.588333;-46.65889;17.8;18.9;91;0.0
2026-04-24T06:00;-23.588333;-46.65889;17.8;18.4;86;0.0
2026-04-24T09:00;-23.588333;-46.65889;20.2;21.3;73;0.0
2026-04-24T12:00;-23.588333;-46.65889;27.2;29.0;38;0.0
2026-04-24T15:00;-23.588333;-46.65889;29.0;28.9;33;0.0
2026-04-24T18:00;-23.588333;-46.65889;23.5;24.8;70;0.0
2026-04-24T21:00;-23.588333;-46.65889;22.0;24.1;74;0.0
2026-04-25T00:00;-23.588333;-46.65889;21.1;23.1;78;0.0
2026-04-25T03:00;-23.588333;-46.65889;20.0;20.9;72;0.0
2026-04-25T06:00;-23.588333;-46.65889;19.5;19.6;68;0.0
2026-04-25T09:00;-23.588333;-46.65889;23.9;24.0;54;0.0
2026-04-25T12:00;-23.588333;-46.65889;28.5;28.4;40;0.0
2026-04-25T15:00;-23.588333;-46.65889;29.0;28.1;38;0.0
2026-04-25T18:00;-23.588333;-46.65889;26.8;26.6;47;0.0
2026-04-25T21:00;-23.588333;-46.65889;25.5;26.3;54;0.0
2026-04-26T00:00;-23.588333;-46.65889;23.6;24.6;61;0.0
2026-04-26T03:00;-23.588333;-46.65889;21.6;22.7;70;0.0
2026-04-26T06:00;-23.588333;-46.65889;19.7;20.9;77;0.0
2026-04-26T09:00;-23.588333;-46.65889;24.7;25.5;55;0.0
2026-04-26T12:00;-23.588333;-46.65889;29.4;29.5;41;0.0
2026-04-26T15:00;-23.588333;-46.65889;29.9;28.7;37;0.0
2026-04-26T18:00;-23.588333;-46.65889;27.9;27.3;44;0.0
2026-04-26T21:00;-23.588333;-46.65889;26.4;27.4;52;0.0
2026-04-27T00:00;-23.588333;-46.65889;24.5;26.0;60;0.0
2026-04-27T03:00;-23.588333;-46.65889;22.5;25.1;73;0.0
2026-04-27T06:00;-23.588333;-46.65889;21.4;22.7;74;0.0
2026-04-27T09:00;-23.588333;-46.65889;24.0;25.2;60;0.0
2026-04-27T12:00;-23.588333;-46.65889;27.4;28.2;51;0.0
2026-04-27T15:00;-23.588333;-46.65889;26.6;26.6;52;0.1
2026-04-27T18:00;-23.588333;-46.65889;21.4;23.6;85;0.7
2026-04-27T21:00;-23.588333;-46.65889;20.9;24.4;93;0.0
2026-04-28T00:00;-23.588333;-46.65889;19.9;22.5;95;0.0
2026-04-28T03:00;-23.588333;-46.65889;19.9;22.0;92;0.0
2026-04-28T06:00;-23.588333;-46.65889;19.2;21.4;94;0.0
2026-04-28T09:00;-23.588333;-46.65889;21.9;23.7;83;0.1
2026-04-28T12:00;-23.588333;-46.65889;25.8;28.9;63;0.3
2026-04-28T15:00;-23.588333;-46.65889;23.3;25.9;81;5.6
2026-04-28T18:00;-23.588333;-46.65889;21.8;24.6;86;0.3
2026-04-28T21:00;-23.588333;-46.65889;20.5;23.5;93;0.0
2026-04-29T00:00;-23.588333;-46.65889;20.1;23.5;95;0.0
2026-04-29T03:00;-23.588333;-46.65889;20.0;23.1;97;0.0
2026-04-29T06:00;-23.588333;-46.65889;20.2;23.6;96;0.0
2026-04-29T09:00;-23.588333;-46.65889;22.5;25.8;83;0.0
2026-04-29T12:00;-23.588333;-46.65889;27.1;29.2;58;0.1
2026-04-29T15:00;-23.588333;-46.65889;21.2;23.5;91;4.4
2026-04-29T18:00;-23.588333;-46.65889;19.9;21.9;91;0.2
2026-04-29T21:00;-23.588333;-46.65889;18.4;19.3;90;0.0
2026-04-30T00:00;-23.588333;-46.65889;17.6;19.2;94;6.0
2026-04-30T03:00;-23.588333;-46.65889;17.2;19.4;94;0.0
2026-04-30T06:00;-23.588333;-46.65889;17.9;19.6;94;1.2
2026-04-30T09:00;-23.588333;-46.65889;20.8;23.1;81;0.0
2026-04-30T12:00;-23.588333;-46.65889;26.0;29.4;58;0.0
2026-04-30T15:00;-23.588333;-46.65889;22.2;23.3;79;0.1
2026-04-30T18:00;-23.588333;-46.65889;20.0;21.0;86;0.0
2026-04-30T21:00;-23.588333;-46.65889;19.4;20.6;88;0.0
2026-05-01T00:00;-23.588333;-46.65889;19.1;20.5;89;0.0
2026-05-01T03:00;-23.588333;-46.65889;18.9;20.5;90;0.0
2026-05-01T06:00;-23.588333;-46.65889;18.7;20.3;91;0.0
2026-05-01T09:00;-23.588333;-46.65889;20.6;22.2;83;0.0
2026-05-01T12:00;-23.588333;-46.65889;24.2;26.1;67;0.1
2026-05-01T15:00;-23.588333;-46.65889;26.9;28.7;53;0.1
2026-05-01T18:00;-23.588333;-46.65889;25.5;27.4;61;0.0
2026-05-01T21:00;-23.588333;-46.65889;22.0;24.9;84;0.0
2026-05-02T00:00;-23.588333;-46.65889;21.2;24.0;89;0.0
2026-05-02T03:00;-23.588333;-46.65889;20.2;22.6;89;0.0
2026-05-02T06:00;-23.588333;-46.65889;19.8;21.3;83;0.0
2026-05-02T09:00;-23.588333;-46.65889;23.3;24.6;64;0.0
2026-05-02T12:00;-23.588333;-46.65889;27.6;27.5;41;0.0
2026-05-02T15:00;-23.588333;-46.65889;26.2;25.2;47;0.0
2026-05-02T18:00;-23.588333;-46.65889;23.4;24.7;67;0.0
2026-05-02T21:00;-23.588333;-46.65889;20.9;21.9;73;0.0
2026-05-03T00:00;-23.588333;-46.65889;20.2;20.6;67;0.0
2026-05-03T03:00;-23.588333;-46.65889;18.2;18.8;84;0.0
2026-05-03T06:00;-23.588333;-46.65889;18.3;19.8;91;0.1
2026-05-03T09:00;-23.588333;-46.65889;17.9;18.1;89;0.9
2026-05-03T12:00;-23.588333;-46.65889;18.5;17.7;75;0.1
2026-05-03T15:00;-23.588333;-46.65889;17.8;16.8;75;0.0
2026-05-03T18:00;-23.588333;-46.65889;16.4;15.8;83;0.0
2026-05-03T21:00;-23.588333;-46.65889;16.0;15.2;85;0.0
2026-05-04T00:00;-23.588333;-46.65889;15.6;15.4;87;0.0
2026-05-04T03:00;-23.588333;-46.65889;14.8;14.7;92;0.0
2026-05-04T06:00;-23.588333;-46.65889;14.7;14.4;92;0.0
2026-05-04T09:00;-23.588333;-46.65889;17.7;18.0;79;0.0
2026-05-04T12:00;-23.588333;-46.65889;22.9;25.0;64;0.0
2026-05-04T15:00;-23.588333;-46.65889;25.6;25.9;50;0.4
2026-05-04T18:00;-23.588333;-46.65889;22.5;23.7;69;0.0
2026-05-04T21:00;-23.588333;-46.65889;18.8;21.0;93;0.0
2026-05-05T00:00;-23.588333;-46.65889;19.5;21.4;89;0.0
2026-05-05T03:00;-23.588333;-46.65889;17.6;19.6;94;0.0
2026-05-05T06:00;-23.588333;-46.65889;16.9;18.3;95;0.0
2026-05-05T09:00;-23.588333;-46.65889;20.5;22.4;78;0.0
2026-05-05T12:00;-23.588333;-46.65889;27.4;30.4;50;0.0
2026-05-05T15:00;-23.588333;-46.65889;28.1;28.9;40;0.1
2026-05-05T18:00;-23.588333;-46.65889;26.0;26.6;47;0.0
2026-05-05T21:00;-23.588333;-46.65889;23.8;25.3;65;0.0
2026-05-06T00:00;-23.588333;-46.65889;21.8;23.3;72;0.0
2026-05-06T03:00;-23.588333;-46.65889;19.1;21.0;87;0.0
2026-05-06T06:00;-23.588333;-46.65889;18.2;19.4;88;0.0
2026-05-06T09:00;-23.588333;-46.65889;22.1;23.8;68;0.0
2026-05-06T12:00;-23.588333;-46.65889;27.9;28.9;38;0.0
2026-05-06T15:00;-23.588333;-46.65889;29.5;28.5;30;0.0
2026-05-06T18:00;-23.588333;-46.65889;26.7;26.3;43;0.0
2026-05-06T21:00;-23.588333;-46.65889;22.4;25.7;85;0.0
2026-05-07T00:00;-23.588333;-46.65889;21.4;23.4;82;0.0
2026-05-07T03:00;-23.588333;-46.65889;20.2;21.1;75;0.0
2026-05-07T06:00;-23.588333;-46.65889;18.9;19.5;75;0.0
2026-05-07T09:00;-23.588333;-46.65889;23.2;23.5;56;0.0
2026-05-07T12:00;-23.588333;-46.65889;27.9;28.0;40;0.0
2026-05-07T15:00;-23.588333;-46.65889;29.4;27.5;32;0.0
2026-05-07T18:00;-23.588333;-46.65889;26.5;25.8;43;0.0
2026-05-07T21:00;-23.588333;-46.65889;24.0;23.7;54;0.0
2026-05-08T00:00;-23.588333;-46.65889;22.1;21.8;59;0.0
2026-05-08T03:00;-23.588333;-46.65889;21.5;20.9;65;0.0
2026-05-08T06:00;-23.588333;-46.65889;22.0;20.8;61;0.0
2026-05-08T09:00;-23.588333;-46.65889;23.9;23.4;57;0.0
2026-05-08T12:00;-23.588333;-46.65889;27.0;25.3;46;0.0
2026-05-08T15:00;-23.588333;-46.65889;28.5;26.5;37;0.0
2026-05-08T18:00;-23.588333;-46.65889;26.6;26.4;44;0.0
2026-05-08T21:00;-23.588333;-46.65889;25.3;25.0;49;0.0
2026-05-09T00:00;-23.588333;-46.65889;23.3;22.7;58;0.0
2026-05-09T03:00;-23.588333;-46.65889;22.9;22.0;61;0.0
2026-05-09T06:00;-23.588333;-46.65889;22.4;21.5;63;0.0
2026-05-09T09:00;-23.588333;-46.65889;22.5;23.0;65;0.0
2026-05-09T12:00;-23.588333;-46.65889;27.0;26.0;45;0.0
2026-05-09T15:00;-23.588333;-46.65889;28.1;26.3;35;0.0
2026-05-09T18:00;-23.588333;-46.65889;25.8;26.4;49;0.0
2026-05-09T21:00;-23.588333;-46.65889;20.4;22.5;90;0.0
2026-05-10T00:00;-23.588333;-46.65889;18.4;19.5;93;0.0
2026-05-10T03:00;-23.588333;-46.65889;16.9;17.0;86;0.1
2026-05-10T06:00;-23.588333;-46.65889;15.8;16.2;91;0.1
2026-05-10T09:00;-23.588333;-46.65889;14.9;14.7;86;1.2
2026-05-10T12:00;-23.588333;-46.65889;16.0;15.9;82;0.4
2026-05-10T15:00;-23.588333;-46.65889;14.8;14.5;86;0.3
2026-05-10T18:00;-23.588333;-46.65889;12.9;12.5;92;0.9
2026-05-10T21:00;-23.588333;-46.65889;13.7;13.4;92;0.3
2026-05-11T00:00;-23.588333;-46.65889;12.9;12.1;86;0.0
2026-05-11T03:00;-23.588333;-46.65889;10.7;9.5;87;0.0
2026-05-11T06:00;-23.588333;-46.65889;9.7;8.4;86;0.0
2026-05-11T09:00;-23.588333;-46.65889;11.7;10.6;75;0.0
2026-05-11T12:00;-23.588333;-46.65889;15.8;16.2;56;0.0
2026-05-11T15:00;-23.588333;-46.65889;17.6;16.7;51;0.0
2026-05-11T18:00;-23.588333;-46.65889;17.1;16.2;57;0.0
2026-05-11T21:00;-23.588333;-46.65889;12.6;12.6;91;0.0
2026-05-12T00:00;-23.588333;-46.65889;11.3;11.2;96;0.0
2026-05-12T03:00;-23.588333;-46.65889;10.4;9.9;96;0.0
2026-05-12T06:00;-23.588333;-46.65889;9.1;7.6;87;0.0
2026-05-12T09:00;-23.588333;-46.65889;12.1;10.7;82;0.0
2026-05-12T12:00;-23.588333;-46.65889;16.9;17.1;63;0.0
2026-05-12T15:00;-23.588333;-46.65889;20.1;19.0;42;0.0
2026-05-12T18:00;-23.588333;-46.65889;17.9;17.4;58;0.0
2026-05-12T21:00;-23.588333;-46.65889;14.4;14.8;90;0.0
2026-05-13T00:00;-23.588333;-46.65889;12.9;13.3;91;0.0
2026-05-13T03:00;-23.588333;-46.65889;10.4;10.2;100;0.0
2026-05-13T06:00;-23.588333;-46.65889;9.6;8.9;92;0.0
2026-05-13T09:00;-23.588333;-46.65889;11.9;11.7;91;0.0
2026-05-13T12:00;-23.588333;-46.65889;21.4;22.8;54;0.0
2026-05-13T15:00;-23.588333;-46.65889;23.6;22.2;35;0.0
2026-05-13T18:00;-23.588333;-46.65889;19.5;19.1;60;0.0
2026-05-13T21:00;-23.588333;-46.65889;16.4;17.0;80;0.0
2026-05-14T00:00;-23.588333;-46.65889;14.9;15.6;87;0.0
2026-05-14T03:00;-23.588333;-46.65889;13.9;14.5;92;0.0
2026-05-14T06:00;-23.588333;-46.65889;13.3;13.6;93;0.0
2026-05-14T09:00;-23.588333;-46.65889;15.4;16.2;90;0.0
2026-05-14T12:00;-23.588333;-46.65889;23.0;24.7;51;0.0
2026-05-14T15:00;-23.588333;-46.65889;25.0;24.2;40;0.0
2026-05-14T18:00;-23.588333;-46.65889;21.4;21.5;56;0.0
2026-05-14T21:00;-23.588333;-46.65889;17.6;19.4;94;0.0
2026-05-15T00:00;-23.588333;-46.65889;16.9;18.9;94;0.0
2026-05-15T03:00;-23.588333;-46.65889;16.5;18.1;95;0.0
2026-05-15T06:00;-23.588333;-46.65889;16.1;17.7;95;0.0
2026-05-15T09:00;-23.588333;-46.65889;17.2;18.5;85;0.1
2026-05-15T12:00;-23.588333;-46.65889;17.8;18.8;86;2.1
2026-05-15T15:00;-23.588333;-46.65889;19.0;20.0;80;0.0
2026-05-15T18:00;-23.588333;-46.65889;17.5;19.1;93;0.5
2026-05-15T21:00;-23.588333;-46.65889;17.8;19.9;93;0.4
2026-05-16T00:00;-23.588333;-46.65889;15.8;17.0;97;0.0
2026-05-16T03:00;-23.588333;-46.65889;14.6;15.7;100;0.0
2026-05-16T06:00;-23.588333;-46.65889;14.4;15.5;100;0.0
2026-05-16T09:00;-23.588333;-46.65889;16.2;17.6;94;0.0
2026-05-16T12:00;-23.588333;-46.65889;22.5;24.9;72;0.0
2026-05-16T15:00;-23.588333;-46.65889;25.0;25.9;55;0.0
2026-05-16T18:00;-23.588333;-46.65889;21.2;23.3;76;0.1
2026-05-16T21:00;-23.588333;-46.65889;17.9;18.9;94;0.0
2026-05-17T00:00;-23.588333;-46.65889;17.8;19.9;97;0.5
2026-05-17T03:00;-23.588333;-46.65889;17.9;20.0;98;0.0
2026-05-17T06:00;-23.588333;-46.65889;17.8;19.8;98;0.2
2026-05-17T09:00;-23.588333;-46.65889;19.4;21.1;85;0.0
2026-05-17T12:00;-23.588333;-46.65889;22.2;24.1;72;0.0
2026-05-17T15:00;-23.588333;-46.65889;21.5;23.0;73;0.3
2026-05-17T18:00;-23.588333;-46.65889;17.8;18.6;92;1.8
2026-05-17T21:00;-23.588333;-46.65889;17.8;19.1;94;0.2
2026-05-18T00:00;-23.588333;-46.65889;16.8;18.3;96;0.0
2026-05-18T03:00;-23.588333;-46.65889;16.6;18.2;97;0.0
2026-05-18T06:00;-23.588333;-46.65889;16.0;17.2;96;0.0
2026-05-18T09:00;-23.588333;-46.65889;18.2;19.4;89;0.3
2026-05-18T12:00;-23.588333;-46.65889;20.1;21.1;77;0.1
2026-05-18T15:00;-23.588333;-46.65889;19.2;20.5;83;0.7
2026-05-18T18:00;-23.588333;-46.65889;18.0;19.1;91;0.0
2026-05-18T21:00;-23.588333;-46.65889;17.0;18.1;92;0.1
2026-05-19T00:00;-23.588333;-46.65889;16.4;17.5;96;0.1
2026-05-19T03:00;-23.588333;-46.65889;15.7;16.8;97;0.1
2026-05-19T06:00;-23.588333;-46.65889;15.6;16.8;97;0.0
2026-05-19T09:00;-23.588333;-46.65889;16.6;17.8;91;0.0
2026-05-19T12:00;-23.588333;-46.65889;18.5;19.9;81;0.4
2026-05-19T15:00;-23.588333;-46.65889;18.3;18.8;80;0.0
2026-05-19T18:00;-23.588333;-46.65889;16.5;17.0;87;0.0
2026-05-19T21:00;-23.588333;-46.65889;16.6;17.4;91;0.0
2026-05-20T00:00;-23.588333;-46.65889;16.1;17.2;94;0.0
2026-05-20T03:00;-23.588333;-46.65889;15.9;16.8;96;0.1
2026-05-20T06:00;-23.588333;-46.65889;15.3;16.8;98;0.6
2026-05-20T09:00;-23.588333;-46.65889;17.3;18.7;88;0.2
2026-05-20T12:00;-23.588333;-46.65889;19.9;21.0;73;0.1
2026-05-20T15:00;-23.588333;-46.65889;20.5;21.4;71;0.0
2026-05-20T18:00;-23.588333;-46.65889;17.4;18.2;89;0.1
2026-05-20T21:00;-23.588333;-46.65889;16.5;17.4;91;0.0
2026-05-21T00:00;-23.588333;-46.65889;16.2;17.3;92;0.0
2026-05-21T03:00;-23.588333;-46.65889;15.6;16.3;91;0.1
2026-05-21T06:00;-23.588333;-46.65889;14.6;14.9;96;0.0
2026-05-21T09:00;-23.588333;-46.65889;15.8;15.7;90;0.1
2026-05-21T12:00;-23.588333;-46.65889;16.8;16.2;80;0.0
2026-05-21T15:00;-23.588333;-46.65889;15.9;15.1;82;0.4
2026-05-21T18:00;-23.588333;-46.65889;14.2;13.6;89;0.0
2026-05-21T21:00;-23.588333;-46.65889;14.0;13.7;92;0.1
2026-05-22T00:00;-23.588333;-46.65889;13.7;13.1;92;0.0
2026-05-22T03:00;-23.588333;-46.65889;13.8;13.1;91;0.0
2026-05-22T06:00;-23.588333;-46.65889;13.6;13.2;92;0.0
2026-05-22T09:00;-23.588333;-46.65889;14.6;14.0;88;0.0
2026-05-22T12:00;-23.588333;-46.65889;15.4;15.0;86;0.3
2026-05-22T15:00;-23.588333;-46.65889;16.0;15.6;83;0.0
2026-05-22T18:00;-23.588333;-46.65889;14.6;14.4;91;0.0
2026-05-22T21:00;-23.588333;-46.65889;14.2;14.3;95;0.0
2026-05-23T00:00;-23.588333;-46.65889;14.4;14.6;96;0.0
2026-05-23T03:00;-23.588333;-46.65889;14.9;15.4;97;0.0
2026-05-23T06:00;-23.588333;-46.65889;14.7;15.3;98;0.0
2026-05-23T09:00;-23.588333;-46.65889;15.6;16.0;95;0.6
2026-05-23T12:00;-23.588333;-46.65889;19.2;20.2;77;0.0
2026-05-23T15:00;-23.588333;-46.65889;19.5;20.6;81;0.3
2026-05-23T18:00;-23.588333;-46.65889;16.5;17.6;96;1.7
2026-05-23T21:00;-23.588333;-46.65889;16.5;17.5;97;2.6
2026-05-24T00:00;-23.588333;-46.65889;15.9;16.8;97;0.9
2026-05-24T03:00;-23.588333;-46.65889;16.0;17.6;99;0.8
2026-05-24T06:00;-23.588333;-46.65889;15.6;16.8;99;0.7
2026-05-24T09:00;-23.588333;-46.65889;18.1;20.1;94;0.2
2026-05-24T12:00;-23.588333;-46.65889;22.8;24.7;72;0.1
2026-05-24T15:00;-23.588333;-46.65889;20.0;21.7;82;1.4
2026-05-24T18:00;-23.588333;-46.65889;19.1;21.2;91;0.6
2026-05-24T21:00;-23.588333;-46.65889;17.2;18.6;93;0.5
2026-05-25T00:00;-23.588333;-46.65889;15.9;16.4;96;0.0
2026-05-25T03:00;-23.588333;-46.65889;15.4;16.1;95;0.0
2026-05-25T06:00;-23.588333;-46.65889;15.4;16.1;93;0.0
2026-05-25T09:00;-23.588333;-46.65889;17.0;17.9;88;0.0
2026-05-25T12:00;-23.588333;-46.65889;21.6;22.9;69;0.0
2026-05-25T15:00;-23.588333;-46.65889;22.7;24.0;65;0.1
2026-05-25T18:00;-23.588333;-46.65889;17.3;18.4;94;0.0
2026-05-25T21:00;-23.588333;-46.65889;16.8;18.2;94;0.0
2026-05-26T00:00;-23.588333;-46.65889;16.7;18.0;95;0.0
2026-05-26T03:00;-23.588333;-46.65889;16.6;18.2;97;0.0
2026-05-26T06:00;-23.588333;-46.65889;16.6;17.7;96;0.0
2026-05-26T09:00;-23.588333;-46.65889;18.0;19.3;93;0.0
2026-05-26T12:00;-23.588333;-46.65889;23.5;25.9;71;0.0
2026-05-26T15:00;-23.588333;-46.65889;25.9;26.4;52;1.6
2026-05-26T18:00;-23.588333;-46.65889;22.6;25.0;74;0.0
2026-05-26T21:00;-23.588333;-46.65889;20.5;22.5;83;0.0
2026-05-27T00:00;-23.588333;-46.65889;18.6;20.5;91;0.0
2026-05-27T03:00;-23.588333;-46.65889;18.1;20.3;91;0.0
2026-05-27T06:00;-23.588333;-46.65889;16.5;18.0;97;0.0
2026-05-27T09:00;-23.588333;-46.65889;18.5;20.6;93;0.1
2026-05-27T12:00;-23.588333;-46.65889;22.7;24.2;71;0.1
2026-05-27T15:00;-23.588333;-46.65889;19.9;20.5;79;0.2
2026-05-27T18:00;-23.588333;-46.65889;16.7;17.2;88;0.0
2026-05-27T21:00;-23.588333;-46.65889;15.9;16.3;89;0.0
2026-05-28T00:00;-23.588333;-46.65889;14.6;14.7;92;0.0
2026-05-28T03:00;-23.588333;-46.65889;12.9;13.4;98;0.0
2026-05-28T06:00;-23.588333;-46.65889;11.4;11.4;100;0.0
2026-05-28T09:00;-23.588333;-46.65889;14.1;14.3;90;0.0
2026-05-28T12:00;-23.588333;-46.65889;18.5;18.4;61;0.0
2026-05-28T15:00;-23.588333;-46.65889;20.0;19.3;57;0.0
2026-05-28T18:00;-23.588333;-46.65889;16.0;15.7;85;0.0
2026-05-28T21:00;-23.588333;-46.65889;15.2;15.2;88;0.0
2026-05-29T00:00;-23.588333;-46.65889;13.9;14.2;96;0.0
2026-05-29T03:00;-23.588333;-46.65889;13.7;14.0;97;0.0
2026-05-29T06:00;-23.588333;-46.65889;14.2;14.0;91;0.0
2026-05-29T09:00;-23.588333;-46.65889;15.6;15.3;84;0.0
2026-05-29T12:00;-23.588333;-46.65889;19.2;18.5;59;0.0
2026-05-29T15:00;-23.588333;-46.65889;19.5;18.8;68;0.0
2026-05-29T18:00;-23.588333;-46.65889;15.9;15.8;88;0.0
2026-05-29T21:00;-23.588333;-46.65889;15.4;15.3;91;0.0
2026-05-30T00:00;-23.588333;-46.65889;15.3;15.5;92;0.0
2026-05-30T03:00;-23.588333;-46.65889;15.1;15.6;92;0.0
2026-05-30T06:00;-23.588333;-46.65889;15.1;15.4;92;0.0
2026-05-30T09:00;-23.588333;-46.65889;16.1;16.6;87;0.0
2026-05-30T12:00;-23.588333;-46.65889;19.2;20.4;77;0.0
2026-05-30T15:00;-23.588333;-46.65889;21.4;22.9;67;0.0
2026-05-30T18:00;-23.588333;-46.65889;19.9;20.3;72;0.0
2026-05-30T21:00;-23.588333;-46.65889;17.0;17.9;91;0.1
2026-05-31T00:00;-23.588333;-46.65889;16.4;17.2;91;0.0
2026-05-31T03:00;-23.588333;-46.65889;15.1;15.7;96;0.0
2026-05-31T06:00;-23.588333;-46.65889;15.1;15.8;92;0.0
2026-05-31T09:00;-23.588333;-46.65889;16.7;17.2;82;0.0
2026-05-31T12:00;-23.588333;-46.65889;19.0;19.6;67;0.0
2026-05-31T15:00;-23.588333;-46.65889;20.6;21.0;58;0.0
2026-05-31T18:00;-23.588333;-46.65889;16.6;17.1;89;0.0
2026-05-31T21:00;-23.588333;-46.65889;15.3;16.2;93;0.0
2026-06-01T00:00;-23.588333;-46.65889;14.3;15.0;96;0.0
2026-06-01T03:00;-23.588333;-46.65889;13.6;14.2;96;0.0
2026-06-01T06:00;-23.588333;-46.65889;13.2;13.6;97;0.0
2026-06-01T09:00;-23.588333;-46.65889;14.4;14.7;92;0.0
2026-06-01T12:00;-23.588333;-46.65889;17.8;18.3;72;0.0
2026-06-01T15:00;-23.588333;-46.65889;20.1;19.5;56;0.0
2026-06-01T18:00;-23.588333;-46.65889;15.9;15.4;83;0.0
2026-06-01T21:00;-23.588333;-46.65889;14.2;13.9;91;0.0
2026-06-02T00:00;-23.588333;-46.65889;13.7;13.7;93;0.0
2026-06-02T03:00;-23.588333;-46.65889;12.1;12.2;100;0.0
2026-06-02T06:00;-23.588333;-46.65889;11.9;11.7;99;0.0
2026-06-02T09:00;-23.588333;-46.65889;15.2;14.4;82;0.0
2026-06-02T12:00;-23.588333;-46.65889;19.5;18.6;55;0.0
2026-06-02T15:00;-23.588333;-46.65889;19.6;18.3;59;0.0
2026-06-02T18:00;-23.588333;-46.65889;15.6;14.9;85;0.0
2026-06-02T21:00;-23.588333;-46.65889;15.4;15.2;88;0.0
2026-06-03T00:00;-23.588333;-46.65889;15.1;15.0;90;0.0
2026-06-03T03:00;-23.588333;-46.65889;14.4;14.7;94;0.0
2026-06-03T06:00;-23.588333;-46.65889;14.6;14.5;90;0.0
2026-06-03T09:00;-23.588333;-46.65889;16.6;16.6;81;0.1
2026-06-03T12:00;-23.588333;-46.65889;20.5;19.8;55;0.0
2026-06-03T15:00;-23.588333;-46.65889;20.8;20.0;61;0.0
2026-06-03T18:00;-23.588333;-46.65889;16.8;16.7;86;0.0
2026-06-03T21:00;-23.588333;-46.65889;16.1;16.3;87;0.0
2026-06-04T00:00;-23.588333;-46.65889;15.2;15.4;92;0.0
2026-06-04T03:00;-23.588333;-46.65889;14.9;15.0;91;0.0
2026-06-04T06:00;-23.588333;-46.65889;14.9;14.7;89;0.0
2026-06-04T09:00;-23.588333;-46.65889;15.8;15.5;83;0.0
2026-06-04T12:00;-23.588333;-46.65889;20.7;19.6;54;0.0
2026-06-04T15:00;-23.588333;-46.65889;21.2;20.3;59;0.0
2026-06-04T18:00;-23.588333;-46.65889;17.0;17.0;84;0.0
2026-06-04T21:00;-23.588333;-46.65889;15.4;15.5;92;0.0
2026-06-05T00:00;-23.588333;-46.65889;14.2;14.2;94;0.0
2026-06-05T03:00;-23.588333;-46.65889;13.6;13.6;93;0.0
2026-06-05T06:00;-23.588333;-46.65889;12.1;11.8;97;0.0
2026-06-05T09:00;-23.588333;-46.65889;14.8;14.1;80;0.0
2026-06-05T12:00;-23.588333;-46.65889;19.4;18.1;53;0.0
2026-06-05T15:00;-23.588333;-46.65889;21.2;20.5;47;0.0
2026-06-05T18:00;-23.588333;-46.65889;15.6;15.1;82;0.0
2026-06-05T21:00;-23.588333;-46.65889;15.1;14.8;88;0.0
2026-06-06T00:00;-23.588333;-46.65889;14.2;14.5;90;0.0
2026-06-06T03:00;-23.588333;-46.65889;12.9;13.1;94;0.0
2026-06-06T06:00;-23.588333;-46.65889;11.9;11.3;91;0.0
2026-06-06T09:00;-23.588333;-46.65889;14.0;13.5;80;0.0
2026-06-06T12:00;-23.588333;-46.65889;20.0;19.8;50;0.0
2026-06-06T15:00;-23.588333;-46.65889;22.2;20.3;37;0.0
2026-06-06T18:00;-23.588333;-46.65889;18.8;17.0;50;0.0
2026-06-06T21:00;-23.588333;-46.65889;16.4;15.7;69;0.0
2026-06-07T00:00;-23.588333;-46.65889;13.9;13.3;80;0.0
2026-06-07T03:00;-23.588333;-46.65889;12.1;11.4;86;0.0
2026-06-07T06:00;-23.588333;-46.65889;10.9;9.7;87;0.0
2026-06-07T09:00;-23.588333;-46.65889;15.0;14.8;73;0.0
2026-06-07T12:00;-23.588333;-46.65889;20.5;20.8;47;0.0
2026-06-07T15:00;-23.588333;-46.65889;22.1;20.4;34;0.0
2026-06-07T18:00;-23.588333;-46.65889;19.7;18.2;43;0.0
2026-06-07T21:00;-23.588333;-46.65889;15.9;16.5;83;0.0
2026-06-08T00:00;-23.588333;-46.65889;14.2;14.4;87;0.0
2026-06-08T03:00;-23.588333;-46.65889;12.4;12.1;89;0.0
2026-06-08T06:00;-23.588333;-46.65889;11.1;10.5;90;0.0
2026-06-08T09:00;-23.588333;-46.65889;12.7;12.6;87;0.0
2026-06-08T12:00;-23.588333;-46.65889;22.0;21.3;38;0.0
2026-06-08T15:00;-23.588333;-46.65889;23.4;21.1;33;0.0
2026-06-08T18:00;-23.588333;-46.65889;19.8;18.3;48;0.0
2026-06-08T21:00;-23.588333;-46.65889;17.2;16.8;65;0.0
